Case_ID,Grade,Gender,Age_at_diagnosis,Race,IDH1,TP53,ATRX,PTEN,EGFR,CIC,MUC16,PIK3CA,NF1,PIK3R1,FUBP1,RB1,NOTCH1,BCOR,CSMD3,SMARCA4,GRIN2A,IDH2,FAT4,PDGFRA
TCGA-DU-8164,0,0,0.513,0,1,0,0,0,0,0,0,1,0,0,1,0,0,0,0,0,0,0,0,0
TCGA-QH-A6CY,0,0,0.387,0,1,0,0,0,0,1,0,0,0,0,0,0,0,0,0,0,0,0,0,0
TCGA-HW-A5KM,0,0,0.352,0,1,1,1,0,0,0,0,0,0,0,0,0,0,0,0,0,0,0,0,0
TCGA-E1-A7YE,0,1,0.328,0,1,1,1,0,0,0,1,0,0,1,0,0,0,0,0,0,0,0,1,0
TCGA-S9-A6WG,0,0,0.315,0,1,1,1,0,0,0,0,0,0,0,0,0,0,0,0,0,0,0,0,0
TCGA-DB-A4X9,0,1,0.332,0,1,0,1,0,0,0,0,0,0,0,0,0,0,0,0,0,0,0,0,0
TCGA-P5-A5F4,0,1,0.352,0,1,1,0,0,0,0,0,0,0,0,0,0,0,0,0,0,0,0,0,0
TCGA-FG-A4MY,0,1,0.447,0,1,1,1,0,0,0,0,0,0,0,0,0,0,0,0,0,0,0,0,0
TCGA-HT-A5R5,0,1,0.34,0,1,1,1,0,0,0,0,0,0,0,0,0,0,0,0,0,0,0,0,0
TCGA-DU-A76K,0,0,0.87,0,0,0,0,0,0,0,0,0,0,0,0,0,0,0,0,0,0,0,0,0
TCGA-QH-A6CV,0,0,0.519,2,0,0,0,0,0,0,0,0,0,0,0,0,0,0,0,0,0,0,0,0
TCGA-FG-5962,0,0,0.543,0,1,0,0,0,0,1,0,1,0,1,0,0,1,0,0,0,0,0,0,0
TCGA-DU-6402,0,0,0.526,0,0,0,0,1,0,0,0,0,1,0,0,0,0,0,0,0,0,0,1,0
TCGA-DB-A75M,0,0,0.473,0,1,1,1,0,0,0,0,0,0,0,0,0,0,0,0,0,0,0,0,0
TCGA-DB-A4XG,0,0,0.344,0,0,0,0,0,0,0,0,0,1,0,0,0,1,0,0,0,0,1,0,0
TCGA-DU-5851,0,1,0.405,0,1,0,1,0,0,0,0,0,0,0,0,0,0,0,0,0,0,0,0,0
TCGA-DB-A4XH,0,1,0.54,0,1,0,0,0,0,0,0,0,0,0,0,0,0,0,0,0,0,0,0,0
TCGA-HT-7874,0,1,0.412,0,1,0,0,0,0,0,0,1,0,0,0,0,0,0,0,0,0,0,0,0
TCGA-DH-A66D,0,1,0.434,0,1,1,1,0,0,0,0,0,0,0,0,0,0,0,0,0,0,0,0,0
TCGA-DU-5871,0,1,0.374,0,1,1,1,0,0,0,0,0,0,0,0,0,0,0,0,0,0,0,0,0
TCGA-FG-A60J,0,1,0.475,0,1,1,0,0,0,0,0,0,0,0,0,0,0,0,0,0,0,0,0,0
TCGA-E1-A7Z3,0,1,0.31,1,1,1,1,0,0,0,0,0,0,0,0,0,0,0,0,0,0,0,0,0
TCGA-DU-7011,0,0,0.255,0,1,1,1,0,0,0,0,0,0,0,0,0,0,0,0,0,0,0,0,0
TCGA-VW-A8FI,0,0,0.668,0,0,1,0,0,0,0,0,1,0,0,0,0,0,0,0,0,0,0,0,0
TCGA-DU-A7TB,0,0,0.567,2,0,0,0,0,0,0,0,0,0,1,0,0,0,0,0,0,0,0,0,0
TCGA-HT-7856,0,0,0.36,0,0,0,0,0,0,0,0,1,0,0,0,0,0,0,0,0,0,1,0,0
TCGA-TQ-A7RU,0,0,0.52,0,1,0,0,0,0,1,0,0,0,0,0,0,0,0,0,0,0,0,0,0
TCGA-HW-7486,0,0,0.371,0,1,0,0,0,0,0,0,0,0,0,0,0,0,0,0,0,0,0,0,0
TCGA-DU-6399,0,0,0.545,0,0,1,1,0,0,0,1,0,0,0,0,0,1,0,0,0,0,0,0,0
TCGA-DU-A7TA,0,0,0.322,0,0,1,1,0,0,0,1,0,0,0,0,0,0,0,0,0,0,1,0,0
TCGA-HT-A5RA,0,1,0.651,0,0,0,0,1,0,0,0,0,0,0,0,0,0,0,0,0,0,0,0,0
TCGA-DB-5280,0,0,0.434,0,1,1,0,0,0,0,0,0,0,0,0,0,0,0,0,0,0,0,0,0
TCGA-DU-6405,0,1,0.512,0,0,0,0,0,0,0,0,1,0,0,0,0,0,0,0,0,0,0,0,0
TCGA-S9-A7J1,0,0,0.436,0,1,0,0,0,0,1,0,1,0,0,1,0,0,0,0,0,0,0,0,0
TCGA-S9-A7J2,0,0,0.256,0,1,0,0,0,0,1,0,0,0,0,0,0,0,0,0,0,0,0,0,0
TCGA-HW-7495,0,1,0.451,0,1,0,0,0,0,1,0,0,0,0,0,0,0,0,0,0,0,0,0,0
TCGA-FG-A710,0,1,0.504,0,1,0,0,0,0,1,0,0,0,0,1,0,0,0,0,0,0,0,0,0
TCGA-P5-A5ET,0,0,0.275,0,1,0,0,0,0,0,0,0,0,0,0,0,1,0,0,0,0,0,0,0
TCGA-DU-7300,0,1,0.537,0,1,1,0,0,0,0,0,0,0,1,1,0,1,0,0,0,0,0,0,0
TCGA-DU-A5TY,0,1,0.464,0,0,0,0,0,0,0,0,0,0,0,0,0,0,0,0,0,0,0,0,0
TCGA-VM-A8CH,0,1,0.247,0,1,0,1,0,0,0,0,0,0,0,0,0,0,0,0,0,0,0,0,0
TCGA-S9-A6WE,0,0,0.342,0,1,0,0,0,0,1,0,0,0,0,0,0,0,0,0,0,0,0,0,0
TCGA-HT-7681,0,1,0.295,0,0,0,0,0,0,1,0,0,0,0,0,0,0,0,0,0,0,1,0,0
TCGA-KT-A7W1,0,1,0.453,0,0,0,0,0,1,0,0,1,0,0,0,0,0,0,0,0,1,0,0,0
TCGA-FG-5964,0,0,0.622,0,1,0,0,1,0,1,0,0,0,0,0,0,0,0,0,0,0,0,0,0
TCGA-S9-A6TX,0,0,0.466,0,1,0,0,0,0,1,0,0,0,0,1,0,0,0,0,0,0,0,0,0
TCGA-P5-A5F2,0,1,0.367,0,1,1,1,0,0,0,0,0,0,0,0,0,1,0,0,0,0,0,0,0
TCGA-DU-5874,0,1,0.626,0,1,0,0,0,0,0,0,0,0,0,0,0,0,0,0,0,0,0,0,0
TCGA-DU-A5TT,0,0,0.704,0,0,1,0,0,1,0,0,1,0,0,0,0,0,0,0,0,0,0,0,0
TCGA-CS-5396,0,1,0.531,0,1,1,0,0,0,0,0,0,0,0,0,0,0,0,0,0,0,0,0,0
TCGA-DU-7302,0,1,0.483,0,1,0,0,0,0,1,0,0,0,0,0,0,0,1,0,0,0,0,0,0
TCGA-S9-A6TW,0,0,0.402,0,1,0,0,1,0,1,0,1,0,0,0,0,0,0,0,0,0,0,0,0
TCGA-RY-A845,0,1,0.4,0,1,1,0,0,0,0,1,0,0,0,0,0,0,0,0,0,0,0,0,0
TCGA-HT-A61A,0,1,0.21,0,0,0,0,0,0,0,0,0,0,0,0,0,0,0,0,0,0,0,0,0
TCGA-DU-7018,0,1,0.575,0,1,0,0,0,0,1,0,1,0,0,0,0,1,0,0,1,0,0,0,0
TCGA-HW-7489,0,0,0.389,0,1,0,1,0,0,0,0,0,0,0,0,0,0,0,0,0,0,0,0,0
TCGA-R8-A6ML,0,0,0.525,0,1,0,0,0,0,1,0,0,0,0,0,0,1,0,0,0,0,0,0,0
TCGA-DH-5144,0,1,0.563,0,1,0,1,0,0,1,0,0,0,0,1,0,1,0,0,0,0,0,0,0
TCGA-DU-7013,0,0,0.598,0,0,1,0,0,0,0,0,0,0,0,0,0,0,0,0,0,0,0,0,0
TCGA-CS-4941,0,0,0.673,0,0,0,0,0,0,0,0,0,0,0,0,0,0,0,0,0,0,0,0,0
TCGA-WY-A85E,0,1,0.489,0,1,1,1,0,0,0,1,1,0,0,0,0,0,0,0,0,0,0,0,0
TCGA-DH-A7UR,0,1,0.597,0,0,0,0,0,0,1,0,0,0,0,1,0,0,0,0,0,0,1,1,0
TCGA-HT-7689,0,1,0.584,0,1,1,1,0,0,0,1,0,0,0,0,0,0,0,0,0,0,0,1,0
TCGA-S9-A7R7,0,0,0.277,0,1,1,1,0,0,0,0,1,0,0,0,0,0,1,0,0,0,0,0,0
TCGA-HT-A619,0,1,0.516,2,1,0,0,0,0,1,1,0,0,0,0,0,0,0,0,0,0,0,0,0
TCGA-DU-7012,0,1,0.74,1,0,0,0,1,1,0,0,0,0,0,0,0,0,0,0,0,0,0,0,0
TCGA-S9-A6UB,0,0,0.526,0,1,0,0,0,0,1,0,0,0,0,0,0,0,0,0,0,0,0,0,0
TCGA-DB-5281,0,0,0.612,0,1,1,1,0,0,0,1,0,0,0,0,0,0,0,0,0,0,0,0,0
TCGA-QH-A6CX,0,0,0.664,0,0,0,0,1,1,0,1,0,1,0,0,0,0,0,0,0,0,0,0,0
TCGA-E1-5318,0,1,0.421,0,0,0,0,0,0,1,0,0,0,0,0,0,0,1,0,0,0,1,0,0
TCGA-S9-A6U2,0,1,0.487,0,1,0,0,0,0,1,0,1,0,0,0,0,0,0,0,0,0,0,0,0
TCGA-HT-A74J,0,0,0.339,0,1,1,1,0,0,0,0,0,0,0,0,0,0,0,0,0,0,0,0,0
TCGA-WY-A859,0,1,0.346,0,1,1,0,0,0,0,1,0,0,0,0,0,0,0,0,0,0,0,0,0
TCGA-HT-A5RB,0,0,0.241,0,1,1,0,0,0,0,1,0,0,0,0,0,0,0,0,0,0,0,0,0
TCGA-DU-8168,0,1,0.551,0,1,0,0,0,0,1,1,1,0,0,1,0,1,0,0,0,0,0,0,0
TCGA-QH-A6X3,0,0,0.279,0,1,1,0,0,0,0,0,0,0,0,0,0,0,0,0,0,0,0,0,0
TCGA-DU-5853,0,0,0.291,0,1,1,1,0,0,0,1,0,0,0,0,0,0,0,0,0,0,0,0,0
TCGA-CS-6667,0,1,0.394,0,1,1,0,0,0,0,0,0,0,0,0,0,0,0,0,0,0,0,1,0
TCGA-S9-A89V,0,0,0.7,0,0,0,1,0,0,0,0,0,1,0,0,0,0,0,0,0,0,0,0,0
TCGA-HT-8012,0,1,0.309,0,1,0,0,0,0,1,0,0,0,0,0,0,1,0,0,0,0,0,0,0
TCGA-S9-A7IY,0,0,0.395,0,1,0,0,0,0,1,0,0,0,1,1,0,0,0,0,0,0,0,0,0
TCGA-TQ-A7RS,0,1,0.251,0,1,0,0,0,0,1,0,0,0,0,0,0,0,0,0,0,0,0,0,1
TCGA-QH-A6XC,0,0,0.484,0,0,0,0,0,1,0,0,0,0,0,0,0,0,0,0,0,0,0,0,0
TCGA-CS-6668,0,1,0.57,0,1,0,0,0,0,1,0,0,0,0,0,0,0,0,0,0,0,0,0,0
TCGA-DB-5277,0,0,0.348,0,1,1,0,0,0,0,0,0,0,0,0,0,0,0,0,0,0,0,0,0
TCGA-CS-6186,0,0,0.584,0,0,0,0,0,0,0,0,0,0,0,0,0,0,0,0,0,0,0,0,0
TCGA-HT-A4DS,0,1,0.556,0,0,1,0,0,0,0,0,0,1,0,0,0,0,0,0,0,0,0,0,0
TCGA-DU-8165,0,1,0.601,0,0,1,0,0,0,0,0,1,0,0,0,0,0,0,0,0,0,0,0,0
TCGA-HT-7605,0,0,0.38,0,1,0,0,0,0,0,0,0,0,0,0,0,0,0,0,0,0,0,0,0
TCGA-DU-6410,0,0,0.563,0,1,0,0,0,0,0,0,0,0,0,0,0,0,0,0,0,0,0,0,0
TCGA-RY-A83Z,0,1,0.545,0,1,1,1,0,0,0,0,0,0,0,0,0,0,0,0,0,0,0,0,0
TCGA-HW-8321,0,0,0.314,0,1,1,0,0,0,0,0,0,0,0,0,0,0,0,0,0,0,0,0,0
TCGA-S9-A7QW,0,1,0.544,0,1,1,1,0,0,0,0,0,0,0,0,0,0,0,0,0,0,0,0,0
TCGA-S9-A6WL,0,0,0.527,0,1,0,0,0,0,0,0,0,0,0,0,0,0,1,0,0,0,0,0,0
TCGA-DU-A5TW,0,1,0.331,1,1,1,1,0,0,0,1,0,0,0,0,0,0,0,0,0,0,0,0,0
TCGA-HW-A5KL,0,1,0.425,0,1,1,1,0,0,0,0,0,0,0,0,0,0,0,0,0,0,0,0,0
TCGA-WY-A85A,0,0,0.202,0,0,0,1,0,0,0,0,0,0,0,0,0,0,0,0,1,0,0,0,0
TCGA-P5-A72Z,0,1,0.643,0,1,0,0,0,0,1,0,0,0,0,0,0,0,0,0,0,0,0,0,0
TCGA-DU-8163,0,0,0.296,0,1,1,1,0,0,0,0,0,0,0,0,0,0,0,0,0,0,0,0,0
TCGA-DB-5275,0,0,0.366,0,1,1,1,0,0,0,1,0,0,0,0,0,0,0,0,0,0,0,0,0
TCGA-FG-8187,0,0,0.32,0,1,0,0,0,0,0,0,0,0,0,0,0,0,0,0,0,0,0,0,0
TCGA-P5-A5EU,0,0,0.352,0,1,1,1,0,0,0,0,0,0,1,0,0,0,0,0,0,0,0,0,0
TCGA-HT-7478,0,0,0.362,0,1,1,1,0,0,0,0,1,0,0,0,0,0,0,0,0,0,0,0,0
TCGA-QH-A65S,0,1,0.325,0,0,1,1,0,0,0,0,0,0,0,0,0,0,0,0,0,0,0,0,0
TCGA-HT-7881,0,0,0.388,1,1,0,0,0,0,0,0,0,0,0,0,0,0,0,0,0,0,0,0,0
TCGA-TQ-A7RO,0,0,0.298,1,0,0,0,0,0,1,0,1,0,0,0,0,0,0,0,0,0,1,0,0
TCGA-FG-8188,0,0,0.412,0,1,1,1,0,0,0,0,0,0,1,0,0,0,0,0,0,0,0,0,0
TCGA-FG-8182,0,0,0.355,0,1,1,1,0,0,0,1,0,0,0,0,0,0,0,0,0,0,0,0,0
TCGA-HT-A5R7,0,1,0.331,0,1,0,1,0,0,0,0,0,0,0,0,0,0,0,0,0,1,0,0,0
TCGA-DB-5276,0,0,0.321,0,1,1,1,0,0,0,0,0,0,0,0,0,0,1,0,0,0,0,0,0
TCGA-HT-8113,0,1,0.498,1,0,0,0,0,0,0,0,0,0,0,0,0,0,0,0,0,0,1,0,0
TCGA-S9-A7R2,0,0,0.696,0,0,0,0,0,1,0,0,0,0,0,0,0,0,0,0,0,0,0,0,0
TCGA-HT-7483,0,0,0.144,0,1,1,0,0,0,0,0,0,0,0,0,0,0,0,0,0,0,0,0,0
TCGA-S9-A7IS,0,1,0.34,0,1,0,1,0,0,0,0,0,0,0,0,0,0,0,0,0,0,0,0,1
TCGA-QH-A6X4,0,0,0.473,0,1,0,0,0,0,1,0,0,0,0,1,0,0,0,0,0,0,0,0,0
TCGA-DU-A5TP,0,0,0.332,0,1,1,1,0,0,0,0,0,0,0,0,0,0,0,0,0,0,0,0,0
TCGA-FG-6692,0,0,0.64,0,0,0,0,1,1,0,0,0,0,0,0,0,0,0,0,0,0,0,0,0
TCGA-HT-A74H,0,0,0.626,0,0,0,0,0,0,0,0,0,0,1,0,0,0,0,1,0,0,0,1,0
TCGA-DU-A6S2,0,1,0.372,1,1,0,0,0,0,1,0,0,0,0,1,0,0,0,0,0,0,0,0,0
TCGA-DU-6394,0,0,0.535,0,1,0,0,0,0,0,0,0,1,1,1,0,1,0,0,0,0,0,0,0
TCGA-R8-A6MO,0,1,0.532,2,1,0,0,0,0,1,0,1,0,0,0,0,0,0,0,0,0,0,0,0
TCGA-S9-A7IQ,0,1,0.452,0,1,0,0,0,0,0,0,0,0,0,0,0,0,0,0,0,0,0,0,0
TCGA-FG-8189,0,1,0.339,0,0,0,0,0,0,0,0,0,0,0,0,0,0,0,0,0,0,1,0,0
TCGA-FG-A70Z,0,1,0.54,1,0,0,0,0,1,0,0,0,0,0,0,0,0,0,0,0,0,0,0,0
TCGA-HT-7474,0,0,0.524,0,1,1,1,0,0,0,0,0,0,0,0,0,0,0,0,0,0,0,0,0
TCGA-HT-8010,0,1,0.648,0,1,0,0,0,0,1,0,0,1,0,0,0,0,0,0,0,0,0,0,0
TCGA-P5-A72U,0,1,0.712,0,0,0,0,0,0,0,0,0,0,0,0,0,0,0,0,0,0,1,0,0
TCGA-HT-8018,0,1,0.408,0,1,1,1,0,0,0,0,0,0,0,0,0,0,0,0,0,0,0,0,0
TCGA-HW-8320,0,0,0.37,0,1,1,1,0,0,0,0,0,0,0,0,0,0,0,0,0,0,0,0,0
TCGA-DU-6542,0,0,0.257,0,1,1,0,0,0,0,0,0,0,0,0,0,0,0,0,0,0,0,0,0
TCGA-E1-A7YN,0,1,0.635,0,0,0,0,0,0,0,0,0,0,0,0,0,0,0,0,0,0,0,0,0
TCGA-CS-5394,0,0,0.408,0,1,0,0,0,0,1,0,0,0,1,1,0,0,0,0,0,0,0,0,0
TCGA-FG-A4MX,0,0,0.476,0,1,1,1,0,0,0,0,0,0,0,0,0,0,0,0,0,0,0,0,0
TCGA-S9-A6WH,0,1,0.737,0,1,0,0,0,0,1,0,0,0,0,0,0,0,0,0,0,0,0,0,0
TCGA-WY-A85B,0,0,0.241,0,1,1,1,0,0,0,0,0,0,0,0,0,0,0,0,0,0,0,0,0
TCGA-S9-A7IZ,0,1,0.489,0,1,0,1,0,0,0,0,0,0,0,0,0,0,0,0,0,0,0,0,0
TCGA-S9-A7QZ,0,0,0.419,0,1,1,0,0,0,1,0,0,0,0,1,0,0,0,0,0,0,0,0,0
TCGA-DB-A75L,0,1,0.365,0,1,0,0,0,0,0,0,0,0,0,0,0,1,0,0,0,0,0,0,0
TCGA-E1-A7YO,0,0,0.459,0,1,0,0,0,0,1,0,0,0,0,1,0,0,0,0,0,0,0,0,0
TCGA-P5-A5EZ,0,0,0.394,0,1,1,0,0,0,0,1,0,0,0,0,0,0,0,0,0,0,0,0,0
TCGA-S9-A7R8,0,1,0.446,0,1,1,1,0,0,0,0,0,0,0,0,0,0,0,0,0,0,0,0,0
TCGA-E1-A7YY,0,1,0.27,0,1,0,0,0,0,1,0,0,0,0,0,0,0,0,0,0,0,0,0,0
TCGA-HT-7604,0,0,0.505,1,1,1,1,0,0,0,1,0,0,0,0,0,0,0,0,0,0,0,0,0
TCGA-E1-5304,0,0,0.424,0,1,1,1,0,0,0,0,0,0,0,0,0,0,0,1,0,0,0,0,0
TCGA-S9-A89Z,0,0,0.407,0,1,1,0,0,0,0,1,0,0,0,0,0,0,0,0,0,0,0,1,0
TCGA-E1-5307,0,1,0.625,0,1,1,1,0,0,0,0,0,0,0,0,0,0,0,0,0,0,0,0,0
TCGA-FG-A711,0,1,0.335,0,1,1,1,0,0,0,0,0,0,0,0,0,0,0,0,0,0,0,0,0
TCGA-TM-A84R,0,0,0.461,0,0,0,0,0,0,0,0,0,0,0,0,0,0,0,0,0,0,1,0,0
TCGA-HW-7490,0,0,0.413,0,1,1,1,0,0,0,0,0,0,0,0,0,0,0,0,0,0,0,0,0
TCGA-HT-8564,0,0,0.479,0,0,1,0,0,0,0,0,0,1,0,0,0,1,0,0,0,0,0,0,0
TCGA-HT-7875,0,0,0.564,0,1,0,0,0,0,1,0,0,0,0,0,0,1,0,0,0,0,0,0,0
TCGA-DH-5140,0,1,0.382,0,0,1,0,0,0,0,0,0,1,0,0,0,0,0,0,0,0,0,0,0
TCGA-WY-A85D,0,0,0.602,0,1,1,1,0,0,0,0,0,0,0,0,0,0,0,0,0,0,0,0,0
TCGA-TQ-A7RK,0,0,0.294,0,1,1,1,0,0,0,0,0,0,0,0,0,0,0,0,0,0,0,0,0
TCGA-FG-6688,0,1,0.595,1,0,0,0,0,0,0,0,0,0,0,0,1,0,0,0,0,0,0,0,0
TCGA-HT-7479,0,0,0.442,0,1,1,0,0,0,0,0,0,0,0,0,0,0,0,0,0,0,0,0,0
TCGA-DU-8167,0,1,0.692,0,1,1,1,0,0,0,0,0,0,0,0,0,0,0,0,0,0,0,0,0
TCGA-E1-A7YM,0,0,0.637,0,0,0,0,0,1,0,0,0,0,0,0,1,0,0,0,0,0,0,0,0
TCGA-QH-A6CW,0,0,0.434,0,1,1,0,0,0,0,0,0,0,0,0,0,1,0,0,1,0,0,0,0
TCGA-DU-8162,0,1,0.619,0,0,0,0,0,1,0,0,0,0,0,0,0,0,0,0,0,0,0,0,0
TCGA-P5-A5EV,0,0,0.392,0,1,0,1,0,0,0,1,0,0,0,0,0,0,0,0,0,0,0,0,0
TCGA-DU-A5TR,0,0,0.514,0,1,1,1,0,0,0,0,0,0,0,0,0,1,0,0,0,0,0,0,0
TCGA-TM-A7CF,0,1,0.416,0,1,1,0,0,0,0,0,0,0,0,0,0,0,0,0,0,0,0,0,0
TCGA-FG-A6IZ,0,0,0.61,0,1,0,0,0,0,1,0,0,0,0,0,0,0,0,0,0,0,0,0,0
TCGA-HT-7687,0,0,0.744,0,1,0,0,0,0,0,0,0,0,0,0,0,0,0,0,0,0,0,0,0
TCGA-TM-A84J,0,0,0.632,0,0,1,0,0,0,0,0,0,0,0,0,0,0,0,0,0,0,0,0,0
TCGA-HT-A61C,0,0,0.665,0,0,0,0,0,1,0,1,0,0,0,0,0,0,0,0,0,0,0,0,0
TCGA-DU-A76R,0,0,0.519,0,1,0,0,0,0,0,0,1,0,0,0,0,0,0,0,0,0,0,0,0
TCGA-HT-7481,0,0,0.392,0,1,0,0,0,0,0,0,1,0,1,1,0,1,0,0,0,0,0,0,0
TCGA-DB-A4XB,0,0,0.383,0,1,1,0,0,0,0,0,0,0,0,0,0,0,0,0,0,0,0,0,0
TCGA-FG-A87N,0,1,0.373,2,1,0,0,0,0,0,0,0,1,0,0,0,0,0,0,0,0,0,0,0
TCGA-S9-A7J0,0,1,0.301,0,1,1,1,0,0,0,0,0,0,0,0,0,0,0,0,0,0,0,0,0
TCGA-CS-5397,0,1,0.544,0,0,0,0,0,0,0,0,0,1,0,0,0,0,1,0,0,0,0,0,0
TCGA-WY-A85C,0,0,0.37,0,1,1,0,0,0,0,0,0,0,0,0,0,0,0,0,0,0,0,0,0
TCGA-CS-6188,0,0,0.485,0,0,0,0,0,0,0,0,0,0,1,0,0,0,0,0,0,0,0,0,0
TCGA-HT-7690,0,0,0.292,0,1,1,1,0,0,0,0,0,0,0,0,0,0,0,0,0,0,0,0,0
TCGA-TQ-A7RN,0,0,0.324,0,1,1,0,0,0,0,0,0,0,0,0,0,0,0,0,0,0,0,0,0
TCGA-FG-A6J1,0,1,0.441,0,1,0,0,0,0,1,0,0,0,0,0,0,0,0,0,0,0,0,0,0
TCGA-TM-A7C5,0,0,0.309,0,1,0,0,0,0,1,0,0,0,0,0,0,0,0,0,0,0,0,0,0
TCGA-DU-5854,0,1,0.578,0,0,0,0,0,0,0,1,0,0,0,0,0,0,0,0,0,0,0,0,1
TCGA-TM-A84T,0,0,0.192,0,1,1,1,0,0,0,0,0,0,0,0,0,0,0,0,0,0,0,0,0
TCGA-DH-A669,0,0,0.707,0,1,0,0,0,0,0,0,0,0,0,0,1,0,0,0,0,0,0,0,0
TCGA-FG-A4MW,0,0,0.632,0,0,0,0,1,1,0,0,0,0,0,0,0,0,0,0,0,0,0,0,0
TCGA-E1-5302,0,0,0.417,0,1,1,1,0,0,0,0,0,0,0,0,0,0,0,0,0,0,0,0,0
TCGA-HT-7603,0,0,0.298,0,1,1,1,0,0,0,0,0,0,0,0,0,0,0,0,0,0,0,0,0
TCGA-S9-A6WP,0,0,0.429,0,1,0,0,0,0,0,0,0,1,0,1,0,0,0,0,0,0,0,0,0
TCGA-HT-A4DV,0,1,0.515,0,1,0,0,0,0,1,0,0,0,0,0,0,0,0,0,0,0,0,0,0
TCGA-DB-5270,0,1,0.381,0,1,1,1,0,0,0,1,0,0,0,0,0,0,0,0,0,0,0,0,0
TCGA-E1-A7YW,0,0,0.289,0,1,1,1,0,0,0,0,0,0,0,0,0,0,0,0,0,0,0,0,0
TCGA-DU-7009,0,1,0.325,0,1,0,0,0,0,0,0,0,0,0,0,0,0,0,0,0,0,0,0,0
TCGA-HT-8108,0,1,0.261,0,1,1,1,0,0,0,0,0,0,0,0,0,0,0,0,0,0,0,0,0
TCGA-DU-7306,0,0,0.679,0,1,1,1,0,0,0,0,0,0,0,0,0,0,0,0,0,0,0,0,0
TCGA-DB-A64P,0,0,0.409,0,1,0,0,0,0,1,1,0,0,0,0,0,0,0,0,0,0,0,0,0
TCGA-HT-7688,0,0,0.598,0,1,1,1,0,0,0,0,0,0,0,0,0,0,0,0,1,0,0,0,0
TCGA-VM-A8CD,0,0,0.58,0,0,0,0,1,0,0,0,0,1,0,0,0,0,0,0,0,0,0,0,0
TCGA-DB-A64X,0,1,0.565,0,1,1,0,0,0,0,0,0,0,0,0,0,0,0,1,0,0,0,0,0
TCGA-HT-7877,0,1,0.208,0,1,0,0,0,0,1,0,0,0,0,0,0,0,0,0,0,0,0,0,0
TCGA-DH-A66F,0,0,0.498,0,1,0,0,0,0,0,0,0,0,0,0,0,0,0,0,0,0,0,0,0
TCGA-P5-A77W,0,1,0.371,0,1,0,0,0,0,1,0,0,0,0,0,0,0,0,0,0,0,0,0,0
TCGA-HT-A5R9,0,1,0.487,0,0,0,0,0,0,1,0,0,0,0,0,0,0,0,0,0,0,1,0,0
TCGA-E1-A7YS,0,0,0.716,1,1,0,0,0,0,0,0,0,0,1,0,0,0,0,0,0,0,0,0,0
TCGA-TM-A7C3,0,1,0.439,0,0,0,0,0,1,0,0,0,0,0,0,0,0,0,0,1,0,0,0,0
TCGA-DU-A6S7,0,1,0.278,0,1,1,1,0,0,0,0,0,0,0,0,0,0,0,0,0,0,0,0,0
TCGA-TQ-A7RJ,0,1,0.252,0,1,1,1,0,0,0,1,0,0,0,0,0,0,0,0,0,0,0,0,0
TCGA-RY-A843,0,0,0.303,0,1,0,0,0,0,0,0,0,0,0,0,0,0,0,0,0,0,0,0,0
TCGA-DU-6395,0,0,0.317,0,1,1,1,0,0,0,0,0,0,0,0,0,0,0,0,0,0,0,0,0
TCGA-FG-8191,0,0,0.308,0,1,1,1,0,0,0,0,0,0,0,0,0,0,0,0,0,0,0,0,0
TCGA-HT-7606,0,1,0.308,0,1,1,0,1,0,0,0,0,0,0,0,0,0,0,0,1,0,0,0,0
TCGA-HT-7857,0,1,0.244,0,0,0,0,0,0,0,0,0,1,0,0,0,0,0,0,0,0,0,0,0
TCGA-DU-7015,0,1,0.412,0,1,1,1,0,0,0,0,0,0,0,0,0,0,0,1,0,0,0,0,0
TCGA-HT-7609,0,0,0.345,0,1,1,0,0,0,0,0,0,0,0,0,0,0,0,0,0,0,0,0,0
TCGA-S9-A6WI,0,1,0.564,0,1,0,0,0,0,0,0,0,0,0,0,0,0,0,0,0,0,0,0,0
TCGA-S9-A6TZ,0,1,0.4,0,1,1,0,0,0,0,0,0,0,0,0,0,0,0,0,0,0,0,0,0
TCGA-FG-6691,0,1,0.23,0,1,1,1,0,0,0,0,0,0,0,0,0,0,0,0,0,0,0,0,0
TCGA-DU-6401,0,1,0.317,0,1,1,1,0,0,0,0,0,0,0,0,0,0,0,0,0,0,0,0,0
TCGA-DB-5278,0,0,0.177,0,1,0,0,0,0,1,0,0,0,0,0,0,0,0,0,0,0,0,0,0
TCGA-HT-8109,0,0,0.643,0,1,0,0,0,0,0,0,0,0,0,0,0,0,0,0,1,0,0,0,0
TCGA-FG-A4MT,0,1,0.276,0,1,1,1,0,0,0,1,0,0,0,0,0,0,0,0,0,0,0,0,0
TCGA-DU-7292,0,0,0.692,0,0,0,0,0,1,0,0,0,0,0,0,0,0,0,0,0,0,0,0,0
TCGA-CS-4943,0,0,0.371,0,1,1,1,0,0,0,0,0,0,0,0,0,0,0,0,0,0,0,0,0
TCGA-VV-A829,0,0,0.443,0,1,0,0,0,0,0,0,0,0,0,0,0,1,1,0,0,0,0,0,0
TCGA-FN-7833,0,0,0.253,0,1,1,1,0,0,0,0,0,0,0,0,0,0,0,0,0,0,0,0,0
TCGA-HT-7695,0,1,0.296,0,1,0,0,0,0,1,0,0,0,0,0,0,0,0,0,0,0,0,0,0
TCGA-DB-A4XC,0,0,0.266,0,1,1,1,0,0,0,0,0,0,0,0,0,0,0,0,0,0,0,0,0
TCGA-CS-5390,0,1,0.478,0,1,0,0,0,0,0,0,0,0,0,1,0,1,0,1,0,0,0,0,0
TCGA-HT-7855,0,0,0.397,0,1,1,1,0,0,0,0,0,0,0,0,0,0,0,0,1,0,0,0,0
TCGA-DU-A6S6,0,1,0.351,0,1,0,0,0,0,0,0,0,0,0,0,0,0,0,0,0,0,0,0,0
TCGA-FG-A713,0,1,0.746,0,1,0,1,0,0,1,0,0,0,0,0,0,0,0,0,0,0,0,0,0
TCGA-DH-A7US,0,0,0.505,0,1,0,0,0,0,1,0,0,0,0,0,0,0,0,0,1,0,0,0,0
TCGA-WH-A86K,0,0,0.659,0,1,1,0,0,0,0,0,0,0,0,0,0,0,0,0,0,0,0,0,0
TCGA-DU-6403,0,1,0.603,0,0,0,0,0,0,0,0,0,0,0,0,0,0,1,0,0,0,0,0,0
TCGA-DU-5870,0,1,0.349,0,1,0,0,0,0,1,0,0,0,1,0,0,0,0,0,0,0,0,0,0
TCGA-P5-A736,0,1,0.446,0,1,1,1,0,0,0,0,0,0,0,0,0,0,0,0,0,0,0,0,0
TCGA-P5-A72X,0,0,0.217,0,1,1,1,0,0,0,0,0,0,0,0,0,0,0,0,0,0,0,0,0
TCGA-HT-8011,0,0,0.552,0,0,0,0,0,0,0,0,0,0,0,0,0,0,0,0,0,0,0,0,0
TCGA-CS-6670,0,0,0.44,0,1,0,0,0,0,0,0,0,0,0,0,0,0,0,0,0,0,0,0,0
TCGA-HT-8114,0,0,0.361,0,1,1,1,0,0,0,0,0,0,0,0,0,0,0,0,0,0,0,0,0
TCGA-FG-6690,0,0,0.703,0,1,1,1,0,0,0,0,0,0,0,0,0,0,0,0,1,0,0,0,0
TCGA-DU-6408,0,1,0.24,0,1,1,1,0,0,0,0,0,0,0,0,0,0,0,0,0,0,0,0,0
TCGA-IK-7675,0,0,0.435,0,1,1,0,0,0,0,0,0,0,0,0,0,0,0,0,0,0,0,0,0
TCGA-TM-A84I,0,0,0.307,0,1,1,1,0,0,0,0,0,0,0,0,0,0,0,0,0,0,0,0,0
TCGA-DB-A64U,0,1,0.384,0,1,0,0,0,0,1,0,0,0,0,0,0,0,0,0,0,0,0,0,0
TCGA-DU-5847,0,1,0.345,0,0,0,0,1,0,0,0,0,1,0,0,1,0,0,0,0,0,0,0,0
TCGA-E1-A7YJ,0,0,0.553,0,0,0,0,0,1,0,0,0,0,0,0,0,0,0,0,0,0,0,0,0
TCGA-DB-A4XA,0,0,0.307,0,1,0,0,0,0,1,1,0,0,0,0,0,0,0,0,0,1,0,0,0
TCGA-DU-5852,0,1,0.612,0,0,0,1,0,1,0,0,0,0,0,0,0,0,0,0,0,0,0,0,0
TCGA-TM-A7CA,0,0,0.449,0,1,1,1,0,0,0,0,0,0,0,0,0,0,0,0,0,0,0,0,0
TCGA-DU-6407,0,1,0.357,0,1,1,1,0,0,0,0,0,0,0,0,0,0,0,0,0,0,0,0,0
TCGA-HW-A5KJ,0,0,0.684,0,1,0,0,0,0,0,0,0,0,0,0,0,1,0,0,0,0,0,0,0
TCGA-TM-A84H,0,1,0.446,0,1,1,0,0,0,0,1,0,0,0,0,0,0,0,1,1,0,0,0,0
TCGA-HT-7472,0,0,0.382,0,1,1,1,0,0,0,0,0,0,0,0,0,0,1,0,0,0,0,0,0
TCGA-DU-A7TD,0,0,0.521,0,0,0,0,1,1,0,0,0,0,0,0,0,0,0,0,0,0,0,0,0
TCGA-S9-A7QX,0,1,0.365,0,1,1,1,0,0,0,1,0,0,0,0,0,0,0,0,0,0,0,0,0
TCGA-E1-A7YI,0,1,0.335,0,1,1,1,0,0,0,0,0,0,0,0,0,0,0,0,0,0,0,0,0
TCGA-HT-7860,0,1,0.603,0,0,0,0,1,0,0,1,0,1,0,0,0,0,0,0,0,0,0,0,0
TCGA-P5-A780,0,1,0.442,0,1,1,0,0,0,0,0,0,0,0,0,0,0,0,0,0,0,0,0,0
TCGA-E1-A7YQ,0,1,0.584,1,0,0,0,0,1,0,0,0,0,0,0,0,0,0,0,0,0,0,0,0
TCGA-S9-A6U5,0,0,0.34,0,1,0,0,0,0,1,0,0,0,0,0,0,1,0,0,0,0,0,0,0
TCGA-HT-8107,0,0,0.626,0,0,0,0,0,1,0,0,0,0,0,0,0,0,0,0,0,0,0,0,0
TCGA-CS-4942,0,1,0.446,1,1,1,0,0,0,0,0,0,0,1,0,0,0,1,0,0,0,0,0,0
TCGA-S9-A6U9,0,0,0.369,0,1,1,1,0,0,0,0,0,0,0,0,0,0,0,0,0,0,0,0,0
TCGA-HT-7686,0,1,0.294,0,1,1,1,0,0,0,0,0,0,0,0,0,0,0,0,0,0,0,0,0
TCGA-P5-A5EW,0,1,0.208,0,1,1,1,0,0,0,0,0,0,0,0,0,0,0,0,0,0,0,0,0
TCGA-HT-7607,0,1,0.618,0,1,0,0,0,0,0,0,1,0,0,0,0,0,0,0,0,0,0,0,0
TCGA-DU-7309,0,1,0.416,0,0,1,1,0,0,0,0,0,0,0,0,0,0,0,0,0,0,1,0,0
TCGA-P5-A737,0,0,0.476,0,1,0,0,0,0,0,0,0,0,0,0,0,0,0,0,0,0,0,0,0
TCGA-S9-A6WM,0,1,0.596,0,0,0,0,0,0,0,0,0,0,0,0,0,0,0,0,0,0,0,0,0
TCGA-FG-7636,0,0,0.489,0,1,1,1,0,0,0,1,0,0,0,0,0,0,0,0,0,0,0,0,0
TCGA-E1-5322,0,1,0.381,0,1,1,1,0,0,0,0,0,0,0,0,0,0,0,0,0,0,0,0,0
TCGA-TQ-A7RF,0,1,0.272,0,1,1,0,0,0,0,0,0,0,0,0,0,0,0,1,0,0,0,0,0
TCGA-DU-7010,0,1,0.58,0,1,1,1,0,0,0,0,0,0,0,0,0,0,0,0,0,0,0,0,0
TCGA-QH-A6CS,0,0,0.413,0,0,0,0,1,0,0,0,0,1,0,0,0,0,0,0,0,0,0,0,0
TCGA-HT-7476,0,0,0.263,0,0,1,1,0,0,0,0,0,0,0,0,0,0,0,0,0,0,1,1,0
TCGA-HT-7884,0,1,0.446,0,1,1,1,0,0,0,0,0,0,0,0,0,0,0,0,0,0,0,0,0
TCGA-DU-A7TC,0,0,0.325,0,1,1,0,0,0,0,0,0,0,0,0,0,0,0,0,0,0,0,0,0
TCGA-CS-6666,0,0,0.228,0,1,1,1,0,0,0,0,0,0,0,0,0,0,0,0,0,0,0,0,0
TCGA-HT-7610,0,1,0.259,0,1,1,1,0,0,0,0,0,0,0,0,0,0,1,0,0,0,0,0,0
TCGA-FG-A60K,0,1,0.341,0,1,0,0,0,0,1,0,0,0,0,0,0,0,0,0,0,0,0,0,0
TCGA-S9-A6U8,0,0,0.248,0,1,1,1,0,0,0,1,0,0,0,0,0,0,0,1,0,0,0,0,0
TCGA-HT-8563,0,1,0.31,0,1,1,1,0,0,0,0,0,0,0,0,0,0,0,0,0,0,0,0,0
TCGA-TQ-A7RH,0,0,0.398,1,1,1,1,0,0,0,0,0,0,0,0,0,0,0,0,0,0,0,0,0
TCGA-S9-A6U1,0,1,0.226,0,1,0,1,0,0,0,0,0,0,0,0,0,0,0,0,0,0,0,0,0
TCGA-DU-7301,0,0,0.538,0,1,1,1,0,0,0,0,0,0,0,0,0,0,0,0,0,0,0,0,0
TCGA-FG-6689,0,0,0.31,0,1,1,1,0,0,0,0,0,0,0,0,0,0,0,0,0,0,0,0,0
TCGA-HT-8013,0,1,0.377,0,1,1,1,0,0,0,0,0,0,0,0,0,0,0,0,0,0,0,0,0
TCGA-HT-A616,0,1,0.362,0,1,0,1,0,0,0,0,0,0,0,0,0,0,0,0,0,0,0,0,0
TCGA-DU-7008,0,1,0.419,0,1,1,1,0,0,0,0,0,0,0,0,0,0,0,0,1,0,0,0,0
TCGA-E1-A7YD,0,0,0.576,0,0,1,0,0,1,0,0,1,0,0,0,0,0,0,0,0,0,0,0,0
TCGA-E1-A7YK,0,0,0.527,0,1,1,1,0,0,0,0,0,0,0,0,0,0,0,0,0,0,0,0,0
TCGA-TM-A84Q,0,0,0.319,0,1,1,1,0,0,0,0,0,0,0,0,0,0,0,0,0,0,0,0,0
TCGA-WY-A858,0,1,0.325,0,1,1,1,0,0,0,0,0,0,0,0,0,0,0,0,1,0,0,0,0
TCGA-F6-A8O4,0,0,0.444,2,1,1,1,0,0,0,0,0,0,0,0,0,0,0,0,0,0,0,0,0
TCGA-R8-A6MK,0,0,0.403,0,1,0,0,0,0,1,0,0,0,0,0,0,0,0,0,0,0,0,0,0
TCGA-VM-A8CF,0,1,0.447,0,1,1,1,0,0,0,0,0,0,0,0,0,0,0,0,1,0,0,0,0
TCGA-FG-5965,0,1,0.39,0,1,1,1,0,0,0,0,0,0,0,0,0,0,0,0,0,0,0,0,0
TCGA-HT-7854,0,0,0.623,0,0,0,0,0,0,0,0,0,0,0,0,0,0,0,0,0,0,0,0,0
TCGA-RY-A847,0,0,0.458,0,1,0,0,0,0,0,1,0,0,0,0,0,0,0,0,0,0,0,0,0
TCGA-DU-5849,0,0,0.484,0,0,0,0,0,0,0,0,0,0,0,0,0,0,0,0,0,0,1,0,0
TCGA-FG-7637,0,0,0.495,0,1,0,0,0,0,0,0,0,0,0,0,0,0,0,0,0,0,0,0,0
TCGA-QH-A65R,0,1,0.385,0,1,0,0,0,0,0,0,0,0,0,0,0,0,0,0,0,0,0,0,0
TCGA-S9-A7R3,0,1,0.283,0,1,1,0,0,0,0,0,0,0,0,0,0,0,0,0,0,0,0,0,0
TCGA-P5-A735,0,1,0.387,0,1,1,1,0,0,0,0,0,0,0,0,0,0,0,0,0,0,0,0,0
TCGA-HT-A618,0,1,0.372,0,0,1,1,0,0,0,0,0,0,0,0,0,0,0,0,0,0,0,0,0
TCGA-E1-A7Z2,0,1,0.584,0,0,0,0,0,1,0,0,0,0,0,0,0,0,0,0,0,0,0,0,0
TCGA-TQ-A7RM,0,1,0.415,0,1,1,0,0,0,0,0,0,0,0,0,0,0,0,0,0,1,0,0,0
TCGA-HT-7694,0,0,0.6,0,1,0,0,0,0,1,0,0,0,1,1,0,0,0,0,0,0,0,0,0
TCGA-VM-A8C8,0,1,0.506,0,1,1,1,0,0,0,0,0,0,0,0,0,0,0,0,0,0,0,0,0
TCGA-HT-7616,0,0,0.758,0,1,0,0,0,0,1,0,0,0,0,1,0,0,0,0,0,0,0,0,0
TCGA-CS-5395,0,0,0.434,1,0,0,0,1,0,0,0,0,0,0,0,0,0,0,0,0,0,0,0,0
TCGA-S9-A7J3,0,1,0.522,0,1,0,0,0,0,1,0,0,0,0,1,0,0,0,0,0,0,0,0,0
TCGA-E1-5303,0,0,0.389,0,1,1,1,0,0,0,0,0,0,0,0,0,0,0,0,0,0,0,0,0
TCGA-CS-4944,0,0,0.506,0,1,0,0,0,0,0,0,0,0,1,0,0,0,0,0,0,0,0,0,0
TCGA-HT-7882,0,0,0.669,0,0,0,0,0,0,0,0,0,0,0,0,0,0,0,0,0,0,0,0,1
TCGA-DH-A7UT,0,0,0.302,0,1,1,0,0,0,0,0,0,0,0,0,0,0,0,0,0,0,0,0,0
TCGA-DB-A64O,0,0,0.597,0,0,0,0,0,0,0,0,0,1,0,0,0,0,0,0,0,0,0,0,0
TCGA-VW-A7QS,0,1,0.351,2,1,0,0,0,0,0,0,0,0,0,0,0,1,0,0,0,0,0,0,0
TCGA-QH-A870,0,1,0.386,0,1,1,1,0,0,0,0,0,0,0,0,0,0,0,0,0,0,0,0,0
TCGA-DU-A5TS,0,0,0.428,1,1,0,1,0,0,0,0,0,0,0,0,0,0,0,0,0,0,0,0,0
TCGA-P5-A731,0,1,0.595,0,1,0,0,0,0,0,0,0,0,0,0,0,0,0,0,0,0,0,0,0
TCGA-KT-A74X,0,0,0.263,0,1,0,0,0,0,1,0,0,0,1,0,0,0,0,0,0,0,0,0,0
TCGA-FG-A4MU,0,0,0.587,0,0,0,0,0,1,0,0,0,0,0,0,0,0,0,0,0,0,0,0,0
TCGA-E1-5311,0,0,0.31,0,1,0,0,0,0,1,0,0,0,0,0,0,1,0,0,0,0,0,0,0
TCGA-HT-7902,0,1,0.304,0,1,1,1,0,0,0,1,0,0,0,0,0,0,0,0,0,0,0,0,0
TCGA-DU-7290,0,1,0.456,0,0,0,0,1,0,0,0,0,0,0,0,1,0,0,0,0,0,0,0,0
TCGA-DB-5274,0,1,0.375,0,1,0,0,0,0,0,0,0,0,0,1,0,0,0,0,0,0,0,0,0
TCGA-FG-A60L,0,1,0.344,0,1,1,0,0,0,0,0,0,0,0,0,0,0,0,0,0,0,0,0,0
TCGA-P5-A781,0,1,0.349,0,1,0,0,0,0,0,0,0,0,0,0,0,0,0,0,0,0,0,0,0
TCGA-DB-A4XD,0,0,0.321,0,1,1,1,0,0,0,0,0,0,0,0,0,0,0,0,0,0,0,0,0
TCGA-DU-6393,0,0,0.665,0,1,0,0,0,0,1,0,0,0,0,0,0,0,0,0,0,0,0,0,0
TCGA-S9-A6U0,0,0,0.462,0,0,0,0,1,0,0,0,1,0,0,0,0,0,0,0,0,0,0,0,0
TCGA-DU-7298,0,1,0.389,1,1,1,1,0,0,0,0,1,0,0,0,0,0,0,0,0,0,0,0,0
TCGA-DU-7299,0,0,0.336,0,1,1,0,0,0,0,0,0,1,0,0,0,0,0,0,0,0,0,0,0
TCGA-DU-A7TG,0,0,0.402,0,1,0,0,0,0,0,0,0,0,0,0,0,0,0,0,0,0,0,0,0
TCGA-FG-A6J3,0,1,0.524,0,1,1,0,0,0,0,0,0,0,0,0,0,0,0,0,0,0,0,0,0
TCGA-QH-A6X5,0,1,0.582,0,1,0,0,0,0,1,0,0,0,0,0,0,0,1,0,0,0,0,0,0
TCGA-CS-4938,0,1,0.315,0,1,1,1,0,0,0,0,0,0,0,0,0,0,0,0,0,0,0,0,0
TCGA-DU-5872,0,1,0.438,1,1,1,1,0,0,0,0,0,0,0,0,0,0,0,0,0,0,0,0,0
TCGA-DU-7007,0,0,0.335,0,1,1,0,0,0,0,0,0,0,0,0,0,0,0,0,0,0,0,0,0
TCGA-P5-A77X,0,1,0.551,0,1,0,0,0,0,1,0,0,0,0,1,0,0,0,0,0,0,0,0,0
TCGA-DU-7304,0,0,0.436,0,1,1,1,0,0,0,0,0,0,0,0,0,0,0,0,0,0,0,0,0
TCGA-DU-A6S3,0,0,0.603,0,1,0,0,0,0,1,0,1,0,0,1,0,1,0,0,0,0,0,0,0
TCGA-QH-A86X,0,0,0.339,0,1,0,0,0,0,1,0,0,0,0,1,0,0,0,0,0,0,0,0,0
TCGA-E1-5319,0,1,0.482,0,1,0,0,0,0,1,0,0,0,0,1,0,0,0,0,0,0,0,0,0
TCGA-HT-A5RC,0,1,0.706,0,0,0,0,0,1,0,0,0,0,0,0,0,0,0,0,0,0,0,0,0
TCGA-HT-8106,0,0,0.535,0,1,1,0,0,0,0,1,0,0,0,0,0,0,0,0,0,0,0,1,0
TCGA-S9-A6UA,0,0,0.664,0,0,0,1,0,0,0,0,0,1,0,0,0,0,0,0,0,0,0,0,0
TCGA-TM-A84S,0,0,0.368,0,1,0,0,0,0,0,0,1,0,0,0,0,0,0,0,0,0,0,0,0
TCGA-HT-7620,0,0,0.401,0,1,0,0,0,0,0,0,1,0,0,1,0,0,0,0,0,0,0,0,0
TCGA-DU-A7T6,0,1,0.733,0,1,0,0,0,0,1,1,0,0,0,0,0,0,0,0,0,0,0,0,0
TCGA-HT-7611,0,0,0.365,0,1,1,1,0,0,0,0,0,0,0,0,0,0,0,0,0,0,0,0,0
TCGA-DU-A6S8,0,1,0.742,0,1,0,0,0,0,1,0,0,0,0,0,0,0,0,0,0,0,0,0,0
TCGA-QH-A65V,0,1,0.434,0,1,0,0,0,0,1,0,0,0,0,0,0,0,0,0,0,0,0,0,0
TCGA-TM-A84B,0,0,0.409,0,0,0,0,1,0,0,0,0,0,0,0,0,0,0,0,0,0,0,0,0
TCGA-QH-A6CZ,0,0,0.384,0,1,0,0,0,0,1,0,0,0,0,1,0,0,0,0,0,0,0,0,0
TCGA-TM-A84G,0,1,0.548,0,1,0,0,0,0,0,0,0,0,0,1,0,1,0,0,0,0,0,0,0
TCGA-DU-8161,0,1,0.631,0,0,0,0,0,0,0,0,0,0,0,0,0,0,0,0,0,0,0,0,0
TCGA-HT-7477,0,0,0.628,0,1,1,1,0,0,0,0,0,0,0,0,0,0,0,0,0,0,0,0,0
TCGA-DU-6392,0,1,0.351,0,0,1,1,1,1,1,1,1,1,0,1,1,1,1,1,1,1,0,1,1
TCGA-CS-5393,0,0,0.395,0,1,1,0,0,0,0,0,0,0,0,0,0,0,0,1,1,0,0,0,0
TCGA-S9-A6WO,0,0,0.299,0,1,1,1,0,0,0,0,0,0,0,0,0,0,0,0,0,0,0,0,0
TCGA-S9-A7R4,0,0,0.469,0,1,1,0,0,0,0,0,0,0,0,0,0,0,0,0,1,0,0,0,0
TCGA-RY-A83X,0,1,0.463,0,1,0,0,0,0,1,0,0,0,0,0,0,0,0,0,0,0,0,0,0
TCGA-HT-7693,0,1,0.519,0,1,1,1,0,0,0,0,0,0,0,0,0,0,0,0,0,0,0,0,0
TCGA-HT-7467,0,0,0.546,0,1,0,0,0,0,1,0,0,0,0,0,0,0,0,0,0,0,0,0,0
TCGA-FG-8186,0,1,0.422,0,1,0,0,0,0,0,0,0,0,0,0,0,1,0,0,0,0,0,0,0
TCGA-HW-A5KK,0,0,0.643,0,0,0,0,0,0,0,0,0,0,0,0,0,0,0,0,0,0,0,0,0
TCGA-DB-A75O,0,0,0.296,0,1,1,0,0,0,0,0,0,0,0,0,0,0,0,0,0,0,0,0,0
TCGA-DB-A64W,0,1,0.655,0,1,0,0,0,0,1,0,1,0,0,0,0,0,1,0,0,0,0,0,0
TCGA-DB-A4XF,0,1,0.412,0,1,1,0,0,0,0,0,0,0,0,0,0,0,0,0,0,0,0,0,0
TCGA-FG-7638,0,1,0.316,0,1,0,1,0,0,1,0,0,0,0,0,0,1,0,0,0,0,0,0,0
TCGA-HT-A74K,0,1,0.58,0,1,0,0,0,0,0,0,0,0,1,0,0,0,0,0,0,0,0,0,0
TCGA-HT-8105,0,0,0.549,0,1,1,0,0,0,1,0,0,0,0,1,0,1,1,0,0,0,0,0,0
TCGA-S9-A6U6,0,0,0.281,0,1,1,1,0,0,0,0,0,0,0,0,0,0,0,0,0,1,0,0,0
TCGA-FG-A70Y,0,1,0.203,0,1,1,1,0,0,0,0,0,0,0,0,0,0,0,0,0,0,0,0,0
TCGA-F6-A8O3,0,0,0.344,2,1,0,0,0,0,0,0,0,0,0,0,0,0,0,0,1,0,0,0,0
TCGA-QH-A65Z,0,0,0.545,0,1,0,0,0,0,1,0,0,0,0,0,0,0,0,0,0,0,0,0,0
TCGA-DU-6397,0,0,0.457,0,1,0,0,0,0,1,0,0,0,0,1,0,0,0,0,0,0,0,0,0
TCGA-S9-A6TS,0,1,0.489,0,1,1,1,0,0,0,0,0,0,0,0,0,0,0,0,0,0,0,0,0
TCGA-DH-5142,0,0,0.292,0,1,1,1,0,0,0,0,0,0,0,0,0,0,0,0,0,0,0,0,0
TCGA-P5-A730,0,0,0.22,0,0,0,0,0,0,0,0,0,0,0,0,0,0,0,0,0,0,1,0,0
TCGA-TM-A84C,0,0,0.324,0,0,0,0,0,0,0,0,0,1,0,0,0,0,0,0,0,0,0,0,0
TCGA-TM-A84M,0,0,0.401,0,1,1,0,0,0,1,1,0,0,0,1,0,0,0,0,0,0,0,0,0
TCGA-TM-A84O,0,1,0.611,0,1,0,0,0,0,1,0,0,0,0,0,0,0,0,0,0,0,0,0,0
TCGA-S9-A7IX,0,0,0.578,0,0,0,0,0,1,0,0,0,1,0,0,0,0,0,0,0,0,0,0,0
TCGA-DU-A76L,0,0,0.543,0,0,0,0,0,0,0,0,0,1,0,0,0,0,0,0,0,0,0,0,0
TCGA-QH-A6X8,0,1,0.569,0,1,0,0,0,0,1,1,0,0,1,0,0,0,0,0,0,0,0,0,0
TCGA-HW-8319,0,1,0.344,0,1,1,1,0,0,0,0,0,0,0,0,0,0,0,0,0,0,0,0,0
TCGA-DB-A4XE,0,1,0.278,0,1,1,1,0,0,0,0,0,0,0,0,0,0,0,0,0,0,0,0,0
TCGA-HT-7677,0,0,0.537,0,1,0,0,0,0,1,0,0,0,0,1,0,0,0,0,0,0,0,0,0
TCGA-DH-A7UU,0,0,0.439,0,1,1,0,1,0,0,0,0,0,0,0,0,0,0,0,0,0,0,0,0
TCGA-E1-A7Z6,0,1,0.41,0,1,1,1,0,0,0,0,0,0,0,0,0,0,0,0,0,0,0,0,0
TCGA-P5-A5F0,0,0,0.333,0,1,0,0,0,0,1,0,1,0,0,0,0,1,0,0,0,0,0,0,0
TCGA-DU-7019,0,0,0.391,0,1,1,0,0,0,0,0,0,0,0,0,0,0,0,0,1,0,0,0,0
TCGA-HT-7879,0,0,0.318,0,1,1,1,0,0,0,0,0,0,0,0,0,0,0,0,0,0,0,0,0
TCGA-DB-A64L,0,1,0.676,0,1,0,0,0,0,1,0,0,0,0,1,0,1,0,0,0,0,0,0,0
TCGA-HT-7469,0,0,0.304,0,0,1,1,0,0,0,0,0,0,0,0,0,0,0,0,0,0,0,0,1
TCGA-TM-A84F,0,0,0.486,0,1,1,0,0,0,0,0,0,0,0,0,0,0,0,0,0,0,0,0,0
TCGA-S9-A6TY,0,0,0.508,0,0,0,0,0,0,0,0,0,0,0,0,0,0,0,0,0,0,1,0,0
TCGA-RY-A83Y,0,0,0.451,0,1,0,0,0,0,1,0,0,0,0,1,0,0,0,0,0,0,0,0,0
TCGA-E1-A7YH,0,1,0.478,0,1,1,1,0,0,0,0,0,0,0,0,0,0,0,0,0,0,0,0,0
TCGA-DH-5141,0,0,0.324,0,0,0,0,0,0,1,0,0,0,0,0,0,0,0,0,0,0,1,0,0
TCGA-HT-A615,0,1,0.38,0,1,0,0,0,0,0,0,0,0,0,1,0,0,0,0,0,0,0,1,0
TCGA-HT-7676,0,0,0.265,0,1,1,1,0,0,0,0,0,0,0,0,0,0,0,0,0,0,0,0,0
TCGA-HT-7873,0,0,0.296,0,1,1,0,0,0,0,0,0,0,0,0,0,0,0,0,0,0,0,0,0
TCGA-HT-7473,0,0,0.282,0,1,1,1,0,0,0,0,0,0,0,0,0,0,0,0,0,0,0,0,0
TCGA-DU-6400,0,1,0.66,0,1,0,0,0,0,1,0,0,0,0,0,0,1,0,0,0,0,0,0,0
TCGA-HW-8322,0,0,0.398,0,1,0,0,0,0,0,0,0,0,0,0,0,1,0,0,1,0,0,0,0
TCGA-HT-7480,0,0,0.337,0,1,0,0,0,0,1,0,0,0,0,0,0,0,0,0,0,0,0,0,0
TCGA-DU-7006,0,1,0.602,0,0,0,0,0,1,0,0,1,0,0,0,0,0,0,0,0,0,0,0,0
TCGA-P5-A72W,0,0,0.352,0,1,1,1,0,0,0,0,0,0,0,0,0,0,0,0,0,0,0,0,0
TCGA-S9-A7R1,0,0,0.351,0,1,0,0,0,0,0,0,0,0,0,0,0,0,0,0,0,0,0,0,0
TCGA-HT-7684,0,0,0.585,0,1,0,0,0,0,0,0,0,0,0,0,0,0,0,0,0,0,0,0,0
TCGA-E1-A7YV,0,1,0.261,0,1,0,1,0,0,0,0,0,0,0,0,0,0,0,1,0,0,0,0,0
TCGA-P5-A5F1,0,0,0.303,0,1,1,1,0,0,0,0,0,0,0,0,0,0,0,0,0,0,0,0,0
TCGA-S9-A6WN,0,1,0.382,0,1,0,0,0,1,0,0,1,0,0,0,0,0,0,1,0,0,0,0,0
TCGA-DU-A7T8,0,0,0.359,0,1,1,1,0,0,0,0,0,0,0,0,0,0,0,0,0,0,0,0,0
TCGA-HW-7487,0,0,0.398,0,1,0,0,0,0,1,0,0,0,0,1,0,0,0,0,0,0,0,0,0
TCGA-DU-A7TJ,0,0,0.558,1,0,0,0,0,0,0,0,0,0,1,0,0,0,0,0,0,0,0,0,0
TCGA-DU-5855,0,1,0.499,0,1,1,1,0,0,0,0,0,0,0,0,0,0,0,0,0,0,0,0,0
TCGA-S9-A6TV,0,0,0.502,0,1,0,1,0,0,0,0,0,0,0,0,0,0,0,0,0,0,0,0,0
TCGA-DH-A66B,0,0,0.524,0,1,1,1,0,0,0,0,0,0,0,0,0,1,0,0,0,0,0,0,0
TCGA-HT-8104,0,1,0.513,0,0,0,0,1,1,0,0,0,0,0,0,0,0,0,0,0,0,0,0,0
TCGA-FG-A87Q,0,1,0.618,0,0,0,0,0,1,0,0,0,0,0,0,0,0,0,0,0,0,0,0,0
TCGA-P5-A733,0,1,0.524,0,1,1,1,0,0,0,0,0,0,0,0,0,0,0,0,0,0,0,0,0
TCGA-E1-A7Z4,0,0,0.352,0,1,1,1,0,0,0,0,0,0,0,0,0,0,0,0,0,0,0,0,0
TCGA-EZ-7264,0,1,0.477,0,1,0,0,0,0,1,0,0,0,0,1,0,0,0,0,0,0,0,0,0
TCGA-S9-A7QY,0,1,0.352,0,0,0,0,0,0,0,0,0,0,0,0,0,0,0,0,0,0,1,0,0
TCGA-DU-6396,0,1,0.313,0,1,1,1,0,0,0,0,0,0,0,0,0,0,0,0,0,0,0,0,0
TCGA-FG-7641,0,0,0.311,0,1,0,0,0,0,1,0,0,0,0,0,0,0,0,0,0,1,0,0,0
TCGA-HT-7471,0,1,0.371,0,1,0,0,0,0,1,0,0,0,0,1,0,0,0,0,0,0,0,0,0
TCGA-HT-7470,0,0,0.373,0,1,1,1,0,0,0,0,0,0,0,0,0,1,0,0,0,0,0,0,0
TCGA-QH-A6CU,0,1,0.524,0,1,0,0,0,0,0,0,0,0,0,0,0,0,0,0,0,0,0,0,0
TCGA-HT-7485,0,0,0.427,0,1,1,1,0,0,0,0,0,0,0,0,0,0,0,0,0,0,0,0,0
TCGA-TQ-A7RW,0,0,0.323,0,1,1,0,0,0,0,0,0,0,0,0,0,0,0,0,0,0,0,0,0
TCGA-HT-7608,0,0,0.611,1,1,0,0,0,0,1,0,0,1,0,1,0,0,0,0,0,0,0,0,0
TCGA-R8-A73M,0,1,0.482,0,1,0,0,0,0,1,0,0,0,0,0,0,0,0,0,0,0,0,0,0
TCGA-HT-A74O,0,0,0.341,0,1,1,1,0,0,0,1,0,0,0,0,0,0,0,0,0,0,0,0,0
TCGA-HT-7468,0,0,0.307,0,1,0,0,0,0,1,0,1,0,0,0,0,0,0,0,0,0,0,0,0
TCGA-HT-7880,0,0,0.302,0,1,1,1,0,0,0,0,0,1,0,0,0,0,0,0,0,0,0,0,0
TCGA-HT-7858,0,0,0.285,0,1,1,1,0,0,0,0,0,0,0,0,0,0,0,0,0,0,0,0,0
TCGA-HT-A614,0,0,0.476,0,1,1,1,0,0,0,0,0,0,0,0,0,0,0,0,1,0,0,0,0
TCGA-HW-7491,0,0,0.352,0,0,0,0,0,0,1,0,1,0,0,0,0,0,0,0,0,0,1,0,0
TCGA-FG-5963,0,0,0.235,0,0,1,1,0,0,0,0,0,1,0,0,0,0,0,0,0,0,0,0,0
TCGA-DH-A7UV,0,0,0.497,0,1,1,1,1,0,0,0,0,0,0,0,0,0,1,0,0,0,0,0,0
TCGA-TQ-A7RG,0,0,0.362,0,1,0,0,0,0,1,0,0,0,0,0,0,0,0,0,0,0,0,0,0
TCGA-HT-A61B,0,0,0.228,0,1,1,0,0,0,0,0,0,0,0,0,0,0,0,0,0,0,0,0,0
TCGA-E1-A7YU,0,0,0.42,0,1,1,0,0,0,0,0,0,0,0,0,0,0,0,0,0,0,0,0,0
TCGA-QH-A65X,0,1,0.286,0,0,0,0,0,0,1,0,0,0,0,0,0,0,0,0,0,0,1,0,0
TCGA-VM-A8CE,0,0,0.256,0,1,0,0,0,0,1,0,0,0,0,0,0,0,0,0,0,0,0,0,0
TCGA-TQ-A7RP,0,0,0.66,1,0,0,0,1,0,0,0,0,1,0,0,0,0,0,0,0,0,0,0,0
TCGA-E1-A7YL,0,0,0.465,0,0,1,0,0,0,0,0,0,0,0,0,0,0,0,0,0,0,0,0,0
TCGA-DU-8158,0,1,0.578,0,0,0,0,1,1,0,0,0,0,0,0,0,0,0,0,0,0,0,0,0
TCGA-HT-7692,0,0,0.431,0,1,0,0,0,0,0,0,1,0,0,0,0,0,0,0,0,0,0,0,0
TCGA-FG-7643,0,1,0.498,0,0,0,0,0,0,0,0,0,0,0,0,0,0,0,0,0,0,0,0,0
TCGA-DB-5273,0,0,0.333,0,1,1,1,0,0,0,0,0,0,0,0,0,0,0,0,0,0,0,0,0
TCGA-TQ-A7RV,0,0,0.278,0,1,1,1,0,0,0,0,0,0,0,0,0,0,0,0,1,0,0,0,0
TCGA-DU-A5TU,0,1,0.625,0,1,1,1,0,0,0,0,0,0,0,0,0,0,0,0,0,0,0,0,0
TCGA-DB-A75K,0,1,0.554,0,1,0,0,0,0,1,0,0,1,0,1,0,1,0,0,0,0,0,0,0
TCGA-TQ-A7RI,0,1,0.378,0,1,0,0,0,0,1,0,0,0,0,0,0,0,0,0,0,0,0,0,0
TCGA-FG-8185,0,0,0.373,0,1,1,1,0,0,0,0,0,0,0,0,0,0,0,0,0,0,0,0,0
TCGA-HT-8111,0,0,0.323,0,1,1,0,0,0,0,0,0,0,0,0,0,0,0,0,0,0,0,0,0
TCGA-TQ-A7RR,0,0,0.384,0,1,1,1,0,0,0,0,0,0,0,0,0,0,0,0,0,0,0,0,0
TCGA-TQ-A8XE,0,1,0.428,0,1,1,0,0,0,0,0,1,0,0,0,0,0,0,0,0,0,0,0,0
TCGA-HT-A617,0,0,0.475,2,0,0,0,0,0,0,0,0,0,0,0,0,0,0,0,0,0,0,0,0
TCGA-DB-A64V,0,0,0.546,0,1,0,0,0,0,1,0,1,0,0,1,0,0,0,0,0,0,0,0,0
TCGA-DU-8166,0,1,0.291,0,1,1,1,0,0,0,0,0,0,0,0,0,0,0,0,0,0,0,0,0
TCGA-TM-A7C4,0,1,0.4,0,1,1,1,0,0,0,0,0,0,0,0,0,0,0,0,0,0,0,0,0
TCGA-FG-7634,0,0,0.287,0,1,0,0,0,0,1,0,1,0,0,0,0,0,0,0,0,0,0,0,0
TCGA-QH-A6XA,0,1,0.233,0,1,1,1,0,0,0,0,0,0,0,0,0,0,0,0,0,0,0,0,0
TCGA-HT-7602,0,0,0.218,0,1,1,0,0,0,0,0,0,0,0,0,0,0,0,0,0,0,0,0,0
TCGA-S9-A6TU,0,0,0.386,0,1,1,0,0,0,0,0,0,0,0,0,0,0,0,0,0,0,0,0,0
TCGA-DH-A66G,0,1,0.498,0,1,1,1,0,0,0,0,0,0,0,0,0,0,0,0,0,0,0,0,0
TCGA-TQ-A7RQ,0,1,0.388,0,1,0,0,0,0,1,0,0,0,0,0,0,0,1,0,0,0,0,0,0
TCGA-HT-A74L,0,1,0.226,0,1,0,0,0,0,0,1,0,0,0,0,0,0,0,0,0,0,0,0,0
TCGA-HT-7475,0,0,0.676,0,1,1,1,0,0,0,0,0,0,0,0,0,0,0,0,0,0,0,0,0
TCGA-QH-A6X9,0,1,0.739,0,1,1,1,0,0,0,0,0,0,0,0,0,0,0,0,0,0,0,0,0
TCGA-IK-8125,0,0,0.623,0,1,0,0,0,0,1,0,0,0,0,0,0,1,0,0,0,0,0,0,0
TCGA-S9-A6WQ,0,1,0.579,0,1,1,1,0,0,0,0,0,0,0,0,0,0,0,0,0,0,0,0,0
TCGA-DH-5143,0,0,0.309,0,1,1,0,0,0,0,0,0,0,0,0,0,0,0,0,0,0,0,0,0
TCGA-DB-A64S,0,0,0.202,0,1,1,1,0,0,0,0,0,0,0,0,0,0,0,0,0,0,0,0,0
TCGA-P5-A5EX,0,1,0.413,0,1,0,0,0,0,0,0,0,0,0,0,0,0,0,0,0,0,0,0,0
TCGA-DU-7294,0,1,0.537,0,1,0,0,0,0,1,0,0,0,0,0,0,0,0,0,1,0,0,0,0
TCGA-E1-5305,0,0,0.346,0,1,1,1,0,0,0,0,0,0,0,0,0,0,0,0,0,0,0,0,0
TCGA-CS-6665,0,1,0.52,0,1,1,0,0,0,0,0,0,0,0,0,0,0,0,0,0,0,0,0,0
TCGA-HT-7601,0,1,0.301,0,1,1,0,0,0,0,0,0,0,0,0,0,0,0,0,0,0,0,0,0
TCGA-HT-8110,0,0,0.58,0,0,0,0,1,1,0,0,0,0,0,0,0,0,0,0,0,0,0,0,0
TCGA-TM-A84L,0,0,0.315,0,1,1,1,0,0,0,0,0,0,0,0,0,0,0,0,0,0,0,0,0
TCGA-14-1450,1,1,0.574,1,0,0,0,0,0,0,0,0,0,0,0,0,0,0,0,0,0,0,0,0
TCGA-12-0819,1,1,0.497,1,0,0,0,0,0,0,0,0,0,1,0,0,0,0,0,0,0,0,0,0
TCGA-32-1991,1,0,0.603,0,0,0,0,1,0,0,0,0,0,1,0,0,0,0,0,0,0,0,0,0
TCGA-76-6660,1,0,0.737,0,0,1,0,1,0,0,0,0,0,0,0,0,0,0,1,0,0,0,0,0
TCGA-76-6285,1,1,0.648,0,0,0,0,0,0,0,0,0,0,0,0,0,0,0,0,0,0,0,0,0
TCGA-81-5911,1,0,0.337,0,0,0,0,1,1,0,0,0,0,0,0,1,0,0,1,0,0,0,0,0
TCGA-28-5220,1,0,0.674,0,0,0,0,0,0,0,0,0,0,0,0,0,0,0,0,0,0,0,0,0
TCGA-06-0876,1,1,0.722,1,0,1,0,1,1,0,0,0,0,0,0,0,0,1,0,0,0,0,0,0
TCGA-14-0787,1,0,0.693,2,0,0,0,0,0,0,0,0,0,0,0,0,0,0,0,0,0,0,0,0
TCGA-06-0939,1,1,0.791,0,0,0,0,0,0,0,0,0,0,0,0,1,0,0,0,0,0,0,0,0
TCGA-06-0152,1,0,0.68,0,0,0,0,0,0,0,1,0,0,0,0,0,0,0,0,0,0,0,0,0
TCGA-32-1982,1,1,0.76,0,0,0,0,1,1,0,1,0,0,0,0,0,0,0,0,0,0,0,0,0
TCGA-32-2634,1,0,0.82,0,0,1,0,1,0,0,0,0,0,1,0,1,0,0,0,0,0,0,0,0
TCGA-76-4927,1,0,0.58,0,0,0,0,1,1,0,0,0,0,0,0,0,0,0,0,0,0,0,0,0
TCGA-19-5950,1,1,0.527,0,0,0,0,0,0,0,0,0,0,0,0,0,0,0,0,0,0,0,0,0
TCGA-06-1804,1,1,0.816,0,0,0,0,1,1,0,0,0,0,0,0,0,0,0,0,0,1,0,0,0
TCGA-19-2631,1,1,0.745,0,0,0,0,0,0,0,1,0,0,0,0,0,0,0,0,0,0,0,0,1
TCGA-12-3649,1,0,0.762,0,0,0,0,1,0,0,0,0,0,0,0,0,0,0,0,0,0,0,0,0
TCGA-14-1829,1,0,0.573,1,0,0,0,0,0,0,0,0,0,0,0,0,0,0,0,0,0,0,0,0
TCGA-27-1833,1,1,0.673,0,0,0,0,0,0,0,0,0,0,0,0,0,0,0,0,0,0,0,1,0
TCGA-76-6282,1,0,0.639,0,0,0,0,0,1,0,1,0,0,0,0,0,0,0,0,0,1,0,0,0
TCGA-06-6388,1,1,0.644,0,0,0,1,0,0,0,0,0,0,1,0,0,0,0,0,0,0,0,0,0
TCGA-32-1979,1,1,0.691,0,0,0,0,0,1,0,0,1,0,0,0,0,0,0,0,0,0,0,0,0
TCGA-32-5222,1,0,0.661,0,0,0,0,1,0,0,0,0,0,0,0,0,0,0,0,0,0,0,0,0
TCGA-02-0033,1,0,0.55,0,0,1,0,0,0,0,0,1,0,0,0,1,0,0,0,0,0,0,0,0
TCGA-12-0818,1,1,0.456,0,1,1,1,0,0,0,0,0,0,0,0,0,0,1,0,0,0,0,0,0
TCGA-27-1837,1,0,0.366,0,0,0,0,1,0,0,0,0,0,0,0,0,0,0,0,0,0,0,0,0
TCGA-12-0618,1,0,0.495,0,0,1,0,0,0,0,0,0,0,0,0,0,0,0,0,0,0,0,0,0
TCGA-28-2513,1,1,0.696,0,0,0,0,1,0,0,1,0,0,1,0,0,0,0,0,0,0,0,0,0
TCGA-06-5408,1,1,0.549,0,0,0,0,0,0,0,1,0,1,0,0,0,0,0,0,0,0,0,0,0
TCGA-76-6662,1,0,0.589,0,0,1,0,1,0,0,0,0,0,1,0,1,0,0,0,0,0,0,0,0
TCGA-12-3648,1,1,0.615,0,0,0,0,0,0,0,0,0,0,0,0,0,0,0,0,0,0,0,0,0
TCGA-81-5910,1,0,0.645,0,0,0,0,1,1,0,0,0,0,0,0,0,0,0,0,0,0,0,0,0
TCGA-15-0742,1,0,0.658,0,0,0,0,0,1,0,1,1,0,0,0,0,0,0,1,0,0,0,0,0
TCGA-06-5415,1,0,0.608,0,0,0,0,0,0,0,0,0,0,0,0,0,0,0,0,0,0,0,0,0
TCGA-12-1088,1,1,0.538,0,0,1,0,0,0,0,0,0,0,0,0,0,0,0,0,0,0,0,0,0
TCGA-19-A60I,1,0,0.395,1,0,0,0,0,0,0,0,0,0,0,0,1,0,0,0,0,0,0,0,0
TCGA-12-1092,1,0,0.586,0,0,1,0,1,0,0,0,0,0,0,0,1,0,0,0,0,1,0,0,0
TCGA-19-1790,1,0,0.565,0,0,0,0,0,0,0,0,1,0,0,0,0,0,0,0,0,0,0,0,0
TCGA-14-0812,1,0,0.659,0,0,1,0,0,0,0,0,0,0,0,0,1,0,0,0,0,0,0,0,0
TCGA-16-1460,1,1,0.362,0,1,1,1,0,0,0,0,0,0,0,0,0,0,0,0,0,0,0,0,0
TCGA-28-5204,1,0,0.725,0,0,0,0,0,0,0,0,0,0,0,0,0,0,0,0,0,0,0,0,0
TCGA-41-3915,1,0,0.49,0,0,1,0,1,0,0,0,0,0,1,0,0,0,0,0,0,0,0,0,0
TCGA-14-1451,1,0,0.394,0,0,0,0,1,0,0,1,0,0,0,0,0,0,0,0,0,0,0,0,0
TCGA-06-1084,1,0,0.545,1,0,0,0,1,0,0,1,0,1,0,0,0,0,0,0,0,1,0,0,0
TCGA-06-0125,1,1,0.639,0,0,0,0,1,1,0,1,0,0,0,0,0,0,0,0,0,0,0,0,0
TCGA-76-6656,1,0,0.664,1,0,0,0,0,1,0,1,0,0,1,0,0,0,0,0,0,0,0,0,0
TCGA-14-2554,1,1,0.523,0,0,0,0,0,1,0,0,0,0,0,0,0,0,0,0,0,0,0,0,0
TCGA-06-A7TK,1,0,0.648,1,0,0,0,0,0,1,1,0,0,0,0,0,0,0,0,0,0,0,0,0
TCGA-41-2571,1,0,0.893,0,0,0,0,1,0,0,0,0,0,0,0,0,0,0,0,0,0,0,0,0
TCGA-76-6661,1,0,0.547,0,0,0,0,1,0,0,0,0,0,0,0,0,0,0,0,0,0,0,0,0
TCGA-28-6450,1,0,0.607,0,0,0,0,0,0,0,0,1,1,0,0,0,0,0,0,0,0,0,0,0
TCGA-28-2509,1,1,0.773,0,0,1,0,0,0,0,1,0,0,0,0,0,0,0,0,0,0,0,0,0
TCGA-14-0862,1,0,0.607,0,0,0,0,0,0,0,1,0,0,1,0,0,0,0,0,0,0,0,0,0
TCGA-32-2632,1,0,0.802,0,0,0,0,0,1,0,0,0,0,0,0,1,0,0,0,0,1,0,0,0
TCGA-19-2624,1,0,0.517,0,0,0,0,0,1,0,0,0,0,0,0,0,0,0,0,0,0,0,0,0
TCGA-06-0686,1,0,0.534,0,0,0,0,0,0,0,1,0,0,0,0,0,0,0,0,0,0,0,0,0
TCGA-06-0750,1,0,0.439,0,0,0,0,0,1,0,0,0,0,1,0,0,0,0,0,0,0,0,0,0
TCGA-14-3476,1,0,0.744,0,0,0,0,0,0,0,1,0,0,0,0,0,0,0,0,1,0,0,0,0
TCGA-06-0209,1,0,0.763,0,0,0,0,0,0,0,1,0,0,0,0,0,0,0,0,0,0,0,0,0
TCGA-06-0132,1,0,0.496,0,0,0,0,0,0,0,0,0,0,0,0,0,0,0,0,0,0,0,0,0
TCGA-12-0656,1,1,0.489,1,0,0,0,1,1,0,0,0,1,0,0,0,0,0,0,0,0,0,0,0
TCGA-26-1799,1,0,0.689,0,0,0,0,0,0,0,0,0,0,0,0,0,0,0,0,0,0,0,1,0
TCGA-14-0871,1,1,0.75,0,0,1,0,0,0,0,0,0,1,0,0,0,0,0,0,0,0,0,0,0
TCGA-12-0657,1,0,0.696,0,0,0,0,0,1,0,0,0,0,0,0,0,0,0,0,0,0,0,0,0
TCGA-19-1786,1,1,0.645,2,0,0,0,0,0,0,0,0,0,0,0,0,0,0,0,0,0,0,0,0
TCGA-06-6390,1,0,0.584,0,0,0,0,0,0,0,0,0,0,0,0,0,0,0,0,0,0,0,0,0
TCGA-28-5219,1,1,0.472,0,0,1,0,0,0,0,0,0,0,0,0,0,0,0,0,0,0,0,0,0
TCGA-14-1455,1,0,0.618,0,0,0,0,0,1,0,0,0,0,0,0,0,0,0,0,0,0,0,0,1
TCGA-41-2575,1,0,0.755,0,0,1,0,0,0,0,0,0,0,0,0,0,0,0,0,0,0,0,0,0
TCGA-28-5216,1,0,0.527,0,0,1,0,1,0,0,0,0,0,0,0,0,0,0,0,0,0,0,0,0
TCGA-26-A7UX,1,0,0.475,1,0,0,0,1,0,0,0,0,0,0,0,0,0,0,0,0,0,0,0,0
TCGA-06-A5U0,1,1,0.218,1,0,1,1,0,0,0,0,0,0,0,0,0,0,0,0,0,0,0,0,0
TCGA-32-1980,1,0,0.725,0,0,0,0,0,0,0,0,0,1,0,0,0,0,0,0,0,0,0,1,0
TCGA-19-4068,1,1,0.683,0,0,0,0,0,0,0,0,0,0,0,0,0,0,0,0,0,0,0,0,0
TCGA-06-0744,1,0,0.67,0,0,1,0,0,0,0,0,0,0,0,0,0,0,0,0,0,0,0,0,0
TCGA-76-4935,1,1,0.527,0,0,0,0,1,0,0,0,0,0,0,0,0,0,0,0,0,0,0,0,0
TCGA-26-5133,1,0,0.59,0,0,1,0,0,0,0,0,0,1,0,0,0,0,0,0,0,0,0,0,0
TCGA-41-5651,1,1,0.594,1,0,1,0,0,0,0,1,1,0,0,0,0,0,0,0,0,0,0,0,0
TCGA-19-1787,1,0,0.49,0,0,1,1,1,0,0,0,0,0,0,0,0,0,0,0,0,1,1,0,0
TCGA-28-1745,1,0,0.762,0,0,0,0,1,1,0,0,0,0,0,0,0,0,0,0,0,0,0,0,0
TCGA-28-5213,1,0,0.725,0,0,0,0,0,1,0,1,0,0,0,0,0,0,0,0,0,1,0,0,0
TCGA-32-2638,1,0,0.675,0,0,0,0,0,0,0,1,0,0,0,0,0,0,0,0,0,0,0,0,0
TCGA-19-1791,1,1,0.823,0,0,0,0,0,0,0,0,0,0,0,0,0,0,0,0,0,0,0,0,0
TCGA-06-6693,1,1,0.646,0,0,0,0,0,0,0,0,0,0,0,0,0,0,0,0,0,0,0,0,0
TCGA-06-1087,1,0,0.757,0,0,1,0,0,0,0,0,0,0,0,0,1,0,0,0,0,0,0,0,0
TCGA-76-4928,1,1,0.856,0,0,0,0,0,0,0,0,1,0,0,0,0,0,0,0,0,1,0,0,0
TCGA-32-4210,1,0,0.733,0,0,1,0,1,0,0,0,0,0,0,0,0,0,0,0,0,0,0,0,0
TCGA-06-5412,1,1,0.787,0,0,0,0,1,0,0,0,0,1,0,0,0,0,0,0,0,0,0,0,0
TCGA-06-5417,1,1,0.454,0,1,1,1,0,0,0,0,1,0,0,0,0,0,0,0,0,0,0,0,0
TCGA-28-1752,1,1,0.426,0,0,1,0,0,1,0,0,0,0,0,0,1,0,0,0,0,0,0,0,0
TCGA-06-0747,1,0,0.538,0,0,0,0,0,1,0,0,0,0,0,0,0,0,0,0,0,0,0,0,0
TCGA-06-0169,1,0,0.688,0,0,0,0,0,0,0,1,0,0,0,0,0,0,0,0,0,0,0,0,0
TCGA-26-1442,1,0,0.437,0,1,1,0,0,0,0,0,0,0,0,0,0,0,0,0,0,0,0,0,0
TCGA-28-2499,1,0,0.598,0,0,0,0,0,0,0,0,0,0,0,0,0,0,0,0,0,0,0,0,0
TCGA-27-2518,1,0,0.524,0,0,0,0,0,0,0,0,0,0,0,0,0,0,0,0,0,1,0,0,0
TCGA-06-0216,1,1,0.617,0,0,0,0,1,0,0,1,0,0,0,0,0,0,0,0,0,0,0,0,0
TCGA-28-1750,1,1,0.406,0,0,0,0,1,0,0,0,0,0,0,0,0,0,0,0,0,0,0,0,0
TCGA-06-0137,1,1,0.637,0,0,0,0,0,1,0,0,0,0,0,0,0,0,0,1,0,0,0,0,0
TCGA-06-0184,1,0,0.638,0,0,1,0,1,0,0,0,0,1,0,0,0,0,0,0,0,0,0,0,0
TCGA-19-2620,1,0,0.703,0,0,0,0,0,1,0,0,0,0,0,0,0,0,0,0,0,0,0,0,0
TCGA-41-2573,1,0,0.6,0,0,0,0,1,0,0,0,0,0,0,0,0,0,0,0,0,0,0,0,0
TCGA-27-2524,1,0,0.563,0,0,0,0,1,0,0,1,0,0,0,0,0,0,0,0,0,0,0,0,0
TCGA-06-0190,1,0,0.625,0,0,1,0,1,0,0,0,0,1,0,0,0,0,0,0,0,0,0,0,0
TCGA-12-0773,1,0,0.242,0,0,1,1,0,0,0,0,0,0,0,0,0,0,0,0,0,0,0,0,0
TCGA-06-2563,1,1,0.729,0,0,1,0,0,1,0,0,0,0,0,0,0,0,0,1,0,0,0,0,0
TCGA-06-0185,1,0,0.545,0,0,0,0,0,0,0,0,0,0,0,0,0,0,0,0,0,0,0,0,0
TCGA-06-0140,1,0,0.864,0,0,0,0,0,0,0,0,0,0,0,0,1,0,1,0,0,0,0,0,0
TCGA-27-2528,1,0,0.626,0,0,0,0,0,1,0,0,0,0,0,0,0,0,0,0,0,0,0,0,0
TCGA-41-4097,1,1,0.633,0,0,0,0,1,0,0,0,0,1,0,0,0,0,0,0,0,0,0,0,0
TCGA-14-1823,1,1,0.585,0,0,0,0,0,0,0,0,0,0,0,0,0,0,0,0,0,0,0,0,0
TCGA-12-0619,1,0,0.6,0,0,1,0,0,1,0,0,0,0,0,0,1,0,0,0,0,0,0,0,0
TCGA-06-0219,1,0,0.67,0,0,0,0,0,0,0,0,0,0,0,0,0,0,0,1,0,0,0,0,0
TCGA-14-1456,1,0,0.238,0,1,1,1,0,1,0,0,0,0,1,0,0,0,0,0,0,0,0,0,0
TCGA-06-0192,1,0,0.582,0,0,0,0,1,0,0,0,0,1,0,0,0,0,0,0,0,1,0,0,0
TCGA-02-2486,1,0,0.64,0,0,0,0,0,0,0,0,0,0,0,0,0,0,0,1,0,0,0,0,0
TCGA-16-0861,1,0,0.651,0,0,0,0,1,0,0,0,0,0,0,0,0,0,0,0,0,0,0,0,0
TCGA-06-0875,1,1,0.611,0,0,1,0,1,0,0,1,0,0,0,0,0,0,0,0,0,0,0,0,0
TCGA-06-0879,1,0,0.524,0,0,0,0,0,1,0,0,1,0,0,0,0,0,0,0,0,0,0,0,0
TCGA-14-1396,1,1,0.787,0,0,1,1,0,0,0,1,0,1,1,0,0,0,0,0,0,0,0,0,0
TCGA-06-0195,1,0,0.633,0,0,1,0,1,0,0,0,0,0,0,0,1,0,1,0,0,0,0,0,0
TCGA-28-5218,1,0,0.632,0,0,0,0,0,0,0,0,0,0,0,0,0,0,0,0,0,0,0,0,0
TCGA-06-5416,1,1,0.234,0,0,1,1,0,1,1,1,1,1,1,1,1,0,1,1,1,1,1,1,1
TCGA-19-2623,1,0,0.653,0,0,1,0,0,0,0,0,0,0,0,0,1,0,0,0,0,0,0,0,0
TCGA-02-0003,1,0,0.502,0,0,1,0,0,1,0,0,0,0,1,0,0,0,0,0,0,0,0,0,0
TCGA-06-0189,1,0,0.556,0,0,1,0,0,0,0,0,0,0,0,0,0,0,0,0,0,0,0,0,0
TCGA-76-6286,1,0,0.607,0,0,1,0,1,0,0,0,1,0,0,0,1,0,0,0,0,0,0,0,0
TCGA-12-1597,1,1,0.626,0,0,1,0,1,0,0,0,0,0,0,0,0,0,0,0,0,0,0,0,0
TCGA-14-1453,1,0,0.693,0,0,0,1,0,0,0,0,0,0,1,0,0,0,0,0,0,0,0,0,0
TCGA-19-5960,1,0,0.565,0,0,0,0,0,0,0,0,0,0,0,0,0,0,0,0,0,0,0,0,0
TCGA-76-4929,1,1,0.762,0,0,1,0,0,0,0,0,0,0,1,0,0,0,0,0,0,0,0,0,1
TCGA-76-4925,1,0,0.767,0,0,1,0,1,0,0,0,0,0,0,0,0,0,0,0,0,0,0,0,0
TCGA-12-1600,1,0,0.86,0,0,1,0,0,1,0,0,0,0,0,0,1,0,0,0,0,0,0,0,0
TCGA-19-1789,1,1,0.692,0,0,0,0,0,1,0,0,0,0,0,0,0,0,0,0,0,0,0,0,0
TCGA-12-5301,1,0,0.596,0,0,0,0,0,0,0,0,1,0,0,0,0,0,0,0,0,0,0,0,0
TCGA-12-1598,1,1,0.759,0,0,1,0,1,0,0,0,0,0,0,0,0,0,1,0,0,0,0,0,0
TCGA-02-2470,1,0,0.576,0,0,0,0,1,0,0,0,0,0,0,0,0,0,0,0,0,0,0,0,0
TCGA-19-1385,1,0,0.697,0,0,0,0,0,0,0,0,0,1,0,0,0,0,0,0,0,0,0,0,0
TCGA-06-5858,1,1,0.456,0,0,1,1,1,0,0,1,0,0,0,0,1,0,0,0,0,0,0,0,0
TCGA-06-1806,1,0,0.474,0,0,0,0,0,0,0,0,0,0,0,0,0,0,0,0,0,0,0,0,0
TCGA-12-0688,1,0,0.742,0,0,0,0,0,0,0,0,0,0,1,0,0,0,0,0,0,0,0,0,0
TCGA-12-3652,1,0,0.6,0,0,0,0,0,1,0,0,0,0,0,0,0,0,0,0,0,0,0,0,0
TCGA-14-0813,1,0,0.783,0,0,1,0,1,0,0,0,0,0,0,0,0,0,0,0,0,0,0,0,0
TCGA-32-1970,1,0,0.592,0,0,1,0,0,1,0,0,0,0,0,0,1,0,0,0,0,0,0,0,0
TCGA-06-2570,1,1,0.217,0,1,1,1,0,0,0,0,1,0,0,0,0,0,0,0,0,0,0,0,0
TCGA-27-2527,1,0,0.811,0,0,0,0,0,0,0,0,1,0,0,0,0,0,0,0,0,0,0,0,0
TCGA-14-0740,1,0,0.702,0,0,1,0,0,0,0,1,0,0,0,0,0,0,0,0,0,0,0,0,1
TCGA-02-0055,1,1,0.624,0,0,1,0,1,0,0,0,0,0,0,0,1,0,0,0,0,0,0,1,0
TCGA-06-5418,1,1,0.755,0,0,0,0,1,0,0,0,0,0,0,0,0,0,0,0,0,0,0,0,0
TCGA-06-6701,1,0,0.604,0,1,1,1,0,0,0,0,0,0,0,0,0,0,0,0,0,0,0,0,0
TCGA-19-1390,1,1,0.631,0,0,1,0,0,0,0,1,0,0,0,0,0,0,1,0,0,0,0,0,1
TCGA-06-1800,1,0,0.611,0,0,1,0,1,0,0,1,0,0,0,0,1,0,0,0,0,0,0,0,0
TCGA-32-4213,1,1,0.472,0,0,0,0,1,0,0,0,0,0,0,0,1,0,0,0,0,0,0,0,0
TCGA-06-6694,1,1,0.764,0,0,1,0,0,0,0,0,0,0,0,0,0,0,0,0,0,0,0,0,0
TCGA-06-0122,1,1,0.848,0,0,0,0,0,0,0,0,0,0,0,0,0,0,0,0,0,0,0,0,0
TCGA-12-3651,1,0,0.774,0,0,0,0,0,0,0,0,1,0,0,0,0,0,0,0,0,0,0,1,0
TCGA-19-0957,1,1,0.485,0,0,0,0,1,0,0,0,0,0,0,1,0,0,0,0,0,1,0,0,0
TCGA-14-0817,1,1,0.696,0,0,1,0,0,0,0,0,0,0,0,0,0,0,0,0,0,0,0,0,0
TCGA-19-5958,1,0,0.56,0,0,0,0,0,0,0,0,0,0,1,0,0,0,0,0,0,0,0,0,0
TCGA-19-2625,1,1,0.765,0,0,1,0,1,1,0,1,0,0,0,0,1,0,0,0,0,0,0,0,0
TCGA-14-1825,1,0,0.703,0,0,1,0,0,0,0,0,0,0,0,0,0,0,0,0,0,1,0,0,0
TCGA-27-2521,1,0,0.347,0,1,1,1,0,0,1,0,0,0,0,0,0,0,0,0,0,0,0,0,0
TCGA-OX-A56R,1,0,0.689,1,0,0,0,1,1,0,0,0,0,0,0,0,0,0,0,0,0,0,0,0
TCGA-16-0849,1,0,0.546,0,1,1,1,0,1,0,0,0,0,0,0,0,0,0,0,0,0,0,0,0
TCGA-76-6657,1,0,0.749,0,0,0,0,1,0,0,0,0,1,1,0,0,0,0,0,0,0,0,0,0
TCGA-06-0158,1,0,0.735,0,0,0,0,0,1,0,0,0,0,0,0,0,0,0,0,0,0,0,0,0
TCGA-76-6280,1,0,0.573,0,0,0,0,0,0,0,0,0,0,1,0,0,0,0,0,0,0,0,0,0
TCGA-28-1747,1,0,0.446,0,0,0,0,0,1,0,1,0,0,0,0,0,0,0,0,0,1,0,0,0
TCGA-06-2559,1,0,0.837,0,0,1,0,1,0,0,0,0,0,0,0,0,0,1,0,0,0,0,0,1
TCGA-06-0878,1,0,0.748,0,0,0,0,0,0,0,0,0,0,0,0,0,0,0,0,0,0,0,0,0
TCGA-06-0166,1,0,0.518,0,0,0,0,1,0,0,0,1,0,0,0,0,0,1,0,0,0,0,0,0
TCGA-28-5208,1,0,0.522,0,0,0,0,0,0,0,0,0,1,0,0,0,0,0,0,0,1,0,0,0
TCGA-28-1749,1,0,0.733,0,0,0,0,1,1,0,0,0,0,0,0,0,0,0,0,0,0,0,0,0
TCGA-19-1387,1,0,0.818,0,0,0,0,1,0,0,0,0,0,0,0,0,0,0,0,0,0,0,0,0
TCGA-12-0615,1,1,0.783,0,0,0,0,0,0,0,0,0,0,0,0,0,0,0,0,0,0,0,0,0
TCGA-27-1830,1,0,0.579,0,0,1,0,0,0,0,0,0,0,0,0,0,0,0,0,0,0,0,0,0
TCGA-06-2561,1,1,0.534,0,0,0,0,1,1,0,0,0,0,0,0,0,0,0,0,0,0,0,0,0
TCGA-14-0786,1,1,0.509,0,0,0,0,0,1,0,0,0,0,0,0,0,0,0,0,0,0,0,0,0
TCGA-06-A5U1,1,1,0.782,1,0,0,0,0,0,0,0,0,0,0,0,0,0,0,0,0,0,0,0,1
TCGA-19-5951,1,1,0.766,0,0,0,0,0,0,0,0,0,0,1,0,0,0,0,0,0,0,0,1,0
TCGA-76-6191,1,0,0.573,0,0,0,0,1,1,0,0,0,0,0,0,0,0,0,0,0,1,0,0,0
TCGA-19-4065,1,0,0.363,0,0,1,0,1,0,0,0,0,0,0,0,0,0,0,0,0,0,0,0,0
TCGA-RR-A6KA,1,1,0.728,1,0,0,0,0,0,0,0,1,0,0,0,0,0,0,0,0,0,0,0,0
TCGA-06-0221,1,0,0.31,0,1,1,1,0,0,0,0,0,0,0,0,0,0,0,0,0,0,0,0,0
TCGA-28-2502,1,0,0.652,0,0,0,0,1,0,0,0,0,1,0,0,0,0,0,0,0,0,0,0,0
TCGA-06-5859,1,0,0.636,0,0,0,0,0,0,0,0,0,0,0,0,0,0,0,0,0,0,0,0,0
TCGA-06-6389,1,1,0.5,0,1,1,0,0,0,0,0,0,0,0,0,0,0,0,0,0,0,0,0,0
TCGA-32-2495,1,1,0.599,0,0,0,0,1,0,0,0,0,0,0,0,0,0,0,0,0,0,0,0,0
TCGA-06-0743,1,0,0.696,0,0,1,0,1,1,0,0,0,0,0,0,0,0,0,1,0,0,0,0,0
TCGA-12-0821,1,0,0.628,0,0,0,0,0,0,0,0,1,0,0,0,0,0,0,0,0,0,0,0,0
TCGA-28-1755,1,1,0.527,0,0,0,0,0,0,0,0,0,0,0,0,0,0,0,0,0,0,0,0,0
TCGA-32-4211,1,0,0.568,0,0,0,0,1,0,0,0,0,0,0,0,0,0,0,0,0,0,0,0,0
TCGA-06-2562,1,0,0.815,0,0,0,0,0,0,0,0,0,1,1,0,0,0,0,0,0,0,0,0,0
TCGA-32-4209,1,0,0.408,0,0,0,0,0,0,0,0,0,0,0,0,0,0,0,0,0,0,0,0,0
TCGA-41-3393,1,1,0.819,0,0,0,0,0,0,0,1,0,0,0,0,0,0,0,0,0,0,0,0,0
TCGA-76-4932,1,1,0.505,0,0,0,0,0,0,0,0,0,0,0,0,0,0,0,0,0,0,0,0,0
TCGA-12-0826,1,1,0.38,0,0,0,0,0,0,0,0,0,0,0,0,0,0,0,0,0,0,0,0,0
TCGA-27-2519,1,0,0.485,0,0,1,0,1,0,0,0,0,0,0,0,0,0,0,0,0,0,0,0,0
TCGA-RR-A6KB,1,0,0.512,1,0,0,0,0,0,0,0,0,0,1,0,0,0,0,0,0,0,0,0,0
TCGA-27-1831,1,0,0.669,0,0,0,0,0,1,0,1,0,0,0,0,0,0,0,0,0,0,0,0,1
TCGA-06-0644,1,0,0.719,1,0,1,0,1,0,0,0,0,0,0,0,0,0,0,0,0,0,0,0,0
TCGA-06-2569,1,1,0.244,1,0,1,0,0,0,0,0,0,1,0,0,0,0,0,0,0,0,0,0,0
TCGA-32-1977,1,1,0.635,0,0,0,0,1,0,0,0,0,0,0,0,0,0,0,0,0,0,0,0,0
TCGA-06-0187,1,0,0.693,0,0,0,0,1,0,0,0,0,0,0,0,0,0,0,0,0,0,0,0,0
TCGA-26-5136,1,1,0.78,0,0,1,0,0,0,0,0,1,0,0,0,0,0,0,0,0,0,0,0,0
TCGA-06-0882,1,0,0.304,0,0,0,0,1,0,0,0,0,0,0,0,0,0,0,0,0,0,0,0,0
TCGA-16-0850,1,1,0.528,0,1,1,0,0,0,0,0,0,0,0,0,0,0,0,0,0,0,0,1,0
TCGA-32-1976,1,0,0.652,0,0,0,0,1,0,0,0,0,0,1,0,0,0,0,0,0,0,0,0,0
TCGA-06-0877,1,0,0.787,0,0,0,0,0,0,0,0,0,0,1,0,0,0,0,0,0,0,0,0,0
TCGA-4W-AA9R,1,0,0.611,1,0,1,0,1,0,0,1,0,0,0,0,0,0,0,0,0,0,0,0,0
TCGA-06-2564,1,0,0.505,0,0,0,0,0,0,0,0,0,0,0,0,0,0,0,0,0,0,0,0,0
TCGA-19-1788,1,0,0.392,0,1,1,1,0,0,0,0,0,0,0,0,0,0,0,0,0,0,0,0,0
TCGA-12-0707,1,0,0.551,0,0,1,0,1,1,0,0,0,0,0,0,0,0,0,1,0,0,0,0,0
TCGA-06-0214,1,0,0.662,0,0,0,0,0,0,0,1,0,1,0,0,0,0,0,0,0,0,0,0,1
TCGA-14-0781,1,0,0.49,1,0,0,0,1,0,0,0,0,0,0,0,0,0,0,0,0,0,0,0,0
TCGA-4W-AA9T,1,1,0.542,1,0,0,1,1,1,0,0,0,0,0,0,0,0,0,0,0,0,0,0,0
TCGA-06-5856,1,0,0.581,0,0,0,0,0,1,0,0,0,0,0,0,0,0,0,0,0,0,0,0,0
TCGA-41-6646,1,1,0.73,0,0,0,0,0,0,0,0,0,1,0,0,0,0,0,0,0,0,0,0,0
TCGA-06-0145,1,1,0.538,0,0,0,0,0,0,0,0,0,0,0,0,0,0,0,0,0,0,0,0,0
TCGA-26-1439,1,0,0.638,0,0,0,0,0,1,0,0,0,0,0,0,0,0,0,0,0,0,0,0,0
TCGA-12-1093,1,1,0.665,0,0,0,0,1,0,0,0,0,0,0,0,0,0,0,0,0,0,0,0,0
TCGA-14-0736,1,0,0.499,1,0,0,0,1,0,0,0,0,0,0,0,0,0,0,0,0,0,0,0,0
TCGA-06-0745,1,0,0.599,0,0,0,0,0,0,0,1,0,0,0,0,0,0,0,0,0,0,0,0,0
TCGA-14-0789,1,0,0.549,0,0,0,0,0,1,0,0,0,1,0,0,0,0,0,0,0,0,0,0,0
TCGA-26-6173,1,0,0.578,0,0,0,0,0,0,0,0,0,0,0,0,0,0,0,0,0,0,0,0,0
TCGA-27-1838,1,1,0.594,0,0,1,0,1,1,0,0,1,0,0,0,0,0,0,0,0,0,0,0,0
TCGA-76-6663,1,1,0.442,0,0,0,0,0,0,0,0,0,1,0,0,1,0,0,0,0,0,0,0,0
TCGA-32-2494,1,1,0.58,0,0,0,0,0,0,0,0,0,0,0,0,0,0,0,0,0,0,0,0,0
TCGA-06-2567,1,0,0.65,0,0,1,0,0,1,0,0,0,0,0,0,0,0,0,1,0,0,0,0,0
TCGA-41-2572,1,0,0.671,0,0,0,0,0,0,0,0,1,0,0,0,0,0,0,0,0,0,0,0,0
TCGA-12-0775,1,1,0.755,1,0,0,0,0,0,0,0,0,0,0,0,0,0,0,0,0,0,0,1,0
TCGA-41-3392,1,0,0.886,0,0,0,0,0,0,0,0,0,1,0,0,0,0,0,0,0,0,0,0,0
TCGA-14-3477,1,1,0.386,1,0,1,0,0,0,0,0,0,0,0,0,0,0,0,0,0,0,0,0,0
TCGA-06-A6S1,1,1,0.532,1,0,0,0,0,1,0,0,0,0,0,0,0,0,0,0,0,0,0,0,0
TCGA-12-0692,1,1,0.753,0,0,0,0,0,0,0,0,0,0,0,0,0,0,0,0,0,0,0,0,0
TCGA-14-1795,1,0,0.667,0,0,1,0,1,0,0,0,0,1,0,0,0,0,0,0,0,1,0,0,0
TCGA-19-1386,1,0,0.511,0,0,0,0,0,0,0,0,0,0,0,0,0,0,0,0,0,0,0,0,0
TCGA-19-A6J5,1,0,0.41,1,1,1,1,1,0,0,0,0,0,0,0,0,0,0,0,0,0,0,0,0
TCGA-06-6699,1,1,0.58,0,0,0,0,0,0,0,1,0,0,0,0,0,0,0,0,0,0,0,0,0
TCGA-16-0848,1,0,0.571,0,0,1,0,1,0,0,0,0,0,0,0,0,0,0,0,0,0,0,0,0
TCGA-12-0820,1,0,0.407,0,0,0,0,0,0,0,0,0,0,0,0,0,0,0,0,0,0,0,0,0
TCGA-14-4157,1,0,0.406,1,1,1,1,0,0,0,0,0,0,0,0,0,0,0,0,0,0,0,0,0
TCGA-06-0130,1,0,0.542,0,0,1,0,0,0,0,0,0,0,0,0,1,0,0,0,0,0,0,0,0
TCGA-02-2485,1,0,0.534,1,0,1,0,0,1,0,1,1,0,0,0,0,0,0,0,0,0,0,0,0
TCGA-12-5299,1,1,0.56,0,0,0,0,0,0,0,0,0,0,0,0,0,0,0,0,0,0,0,0,0
TCGA-12-3646,1,1,0.598,0,0,0,0,0,0,0,0,0,0,0,0,0,0,0,0,0,0,0,0,0
TCGA-06-2558,1,1,0.753,0,0,1,0,1,0,0,0,0,0,0,0,0,0,1,0,0,0,0,0,0
TCGA-06-2565,1,0,0.59,2,0,0,0,1,1,0,0,0,0,0,0,0,0,0,0,0,0,0,0,0
TCGA-06-6391,1,1,0.444,0,0,0,1,0,0,0,0,1,0,0,0,0,0,0,0,0,0,0,0,0
TCGA-06-0238,1,0,0.466,0,0,1,0,0,0,0,0,0,0,0,0,0,0,0,0,0,0,0,0,0
TCGA-76-4926,1,0,0.687,0,0,0,0,0,1,0,0,0,0,0,0,0,0,0,0,0,0,0,0,0
TCGA-06-A7TL,1,1,0.309,1,1,1,1,0,0,0,0,0,0,0,0,0,0,0,0,0,0,0,0,0
TCGA-14-0790,1,1,0.648,0,0,0,0,0,1,0,0,0,0,1,0,0,0,0,0,0,1,0,0,0
TCGA-12-0616,1,1,0.368,0,0,0,0,0,1,0,0,0,0,0,0,0,0,0,0,0,0,0,0,0
TCGA-02-0047,1,0,0.787,0,0,0,0,0,0,0,0,1,0,0,0,0,0,0,0,0,0,0,0,0
TCGA-19-5955,1,0,0.836,0,0,0,0,1,0,0,1,0,0,1,0,0,0,0,0,0,0,0,0,0
TCGA-14-1827,1,0,0.516,0,0,0,0,0,1,0,0,0,0,0,0,0,0,0,0,0,0,0,0,0
TCGA-06-0157,1,1,0.633,0,0,0,0,1,1,0,1,0,0,0,0,0,0,0,0,0,0,0,0,0
TCGA-06-0168,1,1,0.596,0,0,0,0,1,0,0,0,0,0,0,0,0,0,0,0,0,0,0,0,0
TCGA-26-5135,1,1,0.725,0,0,0,0,0,0,0,0,0,0,0,0,0,0,0,0,0,0,0,0,1
TCGA-06-6698,1,1,0.536,0,0,1,0,0,0,0,0,0,1,0,0,1,0,0,0,0,1,0,0,0
TCGA-26-5134,1,0,0.742,0,0,0,0,0,0,0,0,0,0,0,0,0,0,0,0,0,0,0,0,1
TCGA-12-5295,1,1,0.607,0,0,0,0,0,0,0,1,0,0,0,0,0,0,0,0,0,0,0,0,0
TCGA-06-0154,1,0,0.548,0,0,0,0,0,1,0,0,0,0,0,0,0,0,0,0,0,0,0,0,0
TCGA-12-0691,1,0,0.63,0,0,1,0,0,1,0,0,0,0,0,0,0,0,0,0,0,0,0,0,0
TCGA-12-1602,1,0,0.588,0,0,0,0,0,0,0,0,0,0,0,0,0,0,0,0,0,0,0,0,0
TCGA-12-0670,1,0,0.608,0,0,0,0,0,1,0,1,0,0,0,0,0,0,0,0,0,0,0,0,0
TCGA-28-1757,1,0,0.717,0,0,0,0,0,1,0,0,1,0,0,0,0,0,0,0,0,0,0,0,0
TCGA-12-0829,1,0,0.752,1,0,0,0,0,1,0,1,0,0,0,0,0,0,0,0,0,0,0,0,0
TCGA-06-0749,1,0,0.508,1,0,0,1,1,1,0,1,0,0,0,0,0,0,0,0,0,0,0,0,0
TCGA-06-5413,1,0,0.67,0,0,0,0,0,0,0,0,1,0,0,0,0,0,0,0,0,0,0,0,0
TCGA-06-0646,1,0,0.61,0,0,0,0,0,0,0,1,0,0,0,0,0,0,0,0,0,0,0,0,0
TCGA-26-6174,1,1,0.654,0,0,0,0,1,0,0,0,0,0,1,0,0,0,0,0,0,0,0,0,0
TCGA-12-0662,1,0,0.512,0,0,1,0,0,0,0,0,0,0,0,0,0,0,0,0,0,0,0,0,0
TCGA-28-2514,1,0,0.458,2,0,0,0,0,0,0,0,0,0,0,0,0,0,0,0,0,0,0,0,0
TCGA-06-0650,1,1,0.399,0,0,0,0,1,0,0,0,0,0,0,0,0,0,0,0,0,0,0,0,0
TCGA-76-4931,1,1,0.707,0,0,0,0,1,1,0,0,0,0,0,0,0,0,0,0,0,0,0,0,0
TCGA-06-0649,1,1,0.734,1,0,0,0,0,0,0,0,0,0,0,0,0,0,0,0,0,0,0,0,0
TCGA-06-0241,1,1,0.66,0,0,1,1,0,0,0,0,0,0,0,0,0,0,0,0,0,0,0,0,0
TCGA-19-5956,1,1,0.536,0,0,1,1,1,1,1,1,0,1,1,0,1,0,0,1,0,1,0,1,1
TCGA-06-0173,1,1,0.727,0,0,0,0,0,0,0,1,0,0,0,0,0,0,0,0,0,0,0,0,0
TCGA-02-2466,1,0,0.615,0,0,0,0,0,1,0,1,0,0,0,0,0,0,0,1,1,0,0,0,0
TCGA-06-6697,1,0,0.651,0,0,0,0,0,0,0,0,0,0,0,0,0,0,0,0,0,0,0,0,0
TCGA-06-0129,1,0,0.309,2,1,1,1,0,0,0,0,0,0,1,0,0,0,0,0,0,0,0,0,0
TCGA-06-6695,1,0,0.641,0,0,0,0,0,1,0,0,0,0,1,0,0,0,0,0,0,0,0,0,0
TCGA-15-1446,1,0,0.557,0,0,0,0,0,0,0,0,0,0,0,0,0,0,0,0,0,0,0,1,0
TCGA-27-2526,1,1,0.793,0,0,0,0,1,0,0,1,0,0,0,0,0,0,0,1,0,0,0,0,0
TCGA-76-6192,1,0,0.748,0,0,0,0,1,0,0,0,0,0,0,0,0,0,0,0,0,0,0,0,0
TCGA-27-2523,1,0,0.631,0,0,0,0,0,0,0,1,0,0,0,0,0,0,0,0,0,0,0,0,0
TCGA-06-0119,1,1,0.811,0,0,0,0,0,0,0,0,0,1,0,0,0,0,0,0,0,0,0,0,0
TCGA-27-1835,1,1,0.532,0,0,1,0,0,0,0,0,0,0,0,0,0,0,0,0,0,0,0,0,0
TCGA-4W-AA9S,1,0,0.699,1,0,0,0,0,0,0,0,0,1,0,0,0,0,0,0,0,0,0,0,0
TCGA-19-2629,1,0,0.609,0,1,0,1,0,0,0,0,0,0,1,0,0,0,0,0,0,0,0,0,0
TCGA-RR-A6KC,1,0,0.556,1,0,0,0,0,1,0,0,1,0,0,0,0,0,0,0,0,0,0,0,0
TCGA-06-0237,1,1,0.759,0,0,1,0,0,1,0,0,0,0,0,0,0,0,0,0,0,0,0,0,0
TCGA-06-0211,1,0,0.48,0,0,0,0,0,1,0,1,0,0,0,0,0,0,0,0,0,0,0,0,0
TCGA-76-6283,1,1,0.712,0,0,1,0,1,0,0,0,0,0,0,0,1,0,0,0,0,0,0,0,0
TCGA-06-0188,1,0,0.714,0,0,1,0,1,0,0,0,0,0,0,0,0,0,0,0,0,0,0,0,0
TCGA-32-4208,1,0,0.252,0,1,1,1,0,0,0,0,0,0,0,0,0,0,0,0,0,0,0,0,0
TCGA-06-5414,1,0,0.617,0,0,0,0,0,0,0,0,0,0,0,0,0,0,0,0,0,0,0,0,0
TCGA-12-3644,1,1,0.478,0,0,1,0,1,0,0,0,0,0,0,0,1,0,0,0,0,0,0,0,0
TCGA-87-5896,1,1,0.504,0,0,0,0,0,0,0,0,0,0,0,0,0,0,1,0,0,0,0,0,0
TCGA-06-5410,1,1,0.723,0,0,0,0,0,0,0,0,0,1,0,0,0,0,0,0,0,0,0,0,0
TCGA-14-1821,1,0,0.31,0,1,1,1,0,0,0,0,0,0,0,0,0,0,0,0,0,0,0,0,1
TCGA-06-0126,1,0,0.866,0,0,0,0,0,0,0,1,0,0,0,0,0,0,0,0,0,0,0,0,0
TCGA-12-0827,1,1,0.386,0,1,1,0,0,0,0,0,0,0,0,0,0,0,0,0,0,0,0,0,0
TCGA-06-0210,1,1,0.728,0,0,1,0,0,0,0,0,1,1,0,0,0,0,0,0,0,0,0,0,0
TCGA-06-0213,1,1,0.551,0,0,0,1,1,0,0,0,0,0,0,0,1,0,0,0,0,0,0,0,0
TCGA-14-1037,1,1,0.669,0,0,0,0,0,0,0,0,0,0,0,0,1,0,0,0,0,0,0,0,0
TCGA-06-0645,1,1,0.56,0,0,0,0,0,0,0,0,0,0,0,0,0,0,0,0,0,0,0,0,0
TCGA-06-0171,1,0,0.659,0,0,0,0,0,0,0,0,1,0,0,0,0,0,0,0,0,0,0,0,0
TCGA-19-5954,1,1,0.722,0,0,0,0,0,0,0,1,1,0,0,0,0,0,0,0,0,0,0,0,0
TCGA-27-1836,1,1,0.33,0,0,1,0,0,0,0,0,0,0,0,0,0,0,0,0,0,0,0,0,0
TCGA-19-2621,1,0,0.833,0,0,0,1,1,1,0,0,0,0,0,0,0,0,0,0,0,0,0,0,0
TCGA-02-2483,1,0,0.437,2,1,1,1,0,0,0,0,0,0,0,0,0,0,0,0,0,0,0,0,0
TCGA-32-1986,1,0,0.686,0,0,0,0,0,0,0,0,0,1,0,0,0,0,0,0,0,0,0,0,0
TCGA-12-1599,1,1,0.477,0,0,0,0,1,0,0,0,0,1,0,0,0,0,0,0,0,0,0,0,0
TCGA-06-A6S0,1,0,0.795,1,0,0,0,0,0,0,0,1,0,0,0,0,0,0,0,0,0,0,0,0
TCGA-14-0865,1,0,0.679,0,0,0,0,0,0,0,0,0,0,0,0,0,0,0,0,0,0,0,0,1
TCGA-16-1045,1,1,0.498,0,0,0,0,1,1,0,0,0,0,0,0,0,0,0,0,0,0,0,0,0
TCGA-28-5209,1,1,0.667,0,0,0,0,1,1,0,0,0,0,0,0,0,0,0,0,0,0,0,0,0
TCGA-19-A6J4,1,0,0.686,1,0,0,0,0,0,0,0,0,0,0,0,0,0,0,0,0,0,0,0,0
TCGA-19-5947,1,1,0.471,1,0,0,0,0,0,0,0,1,0,0,0,0,0,0,0,0,0,0,0,0
TCGA-06-0155,1,0,0.616,0,0,0,0,1,1,0,0,0,0,0,0,0,0,0,0,0,0,0,0,0
TCGA-76-6664,1,1,0.494,0,0,1,0,1,0,0,1,0,0,0,0,0,0,0,0,0,0,0,0,0
TCGA-06-0124,1,0,0.673,0,0,0,0,1,0,0,0,0,1,0,0,0,0,0,0,0,0,0,0,0
TCGA-06-0151,1,1,0.327,0,0,0,0,0,0,0,0,0,0,0,0,0,0,0,0,0,0,0,0,0
TCGA-26-5139,1,1,0.651,0,0,0,0,0,1,0,0,0,0,1,0,0,0,0,0,0,0,0,1,0
TCGA-76-4934,1,1,0.666,0,0,1,0,1,0,0,0,0,0,0,0,0,0,0,0,0,0,0,0,0
TCGA-06-0141,1,0,0.628,0,0,0,0,0,0,0,0,0,0,0,0,0,0,0,0,0,0,0,0,0
TCGA-06-0881,1,0,0.5,0,0,0,0,1,1,0,0,0,0,0,0,0,0,0,0,0,0,0,0,0
TCGA-12-3653,1,1,0.343,0,0,0,0,0,0,0,0,0,0,0,0,0,0,0,0,0,0,0,0,0
TCGA-28-1751,1,1,0.61,0,0,0,0,0,0,0,0,0,0,0,0,0,0,0,0,0,0,0,0,0
TCGA-06-0648,1,0,0.78,0,0,0,0,0,0,0,0,0,0,0,0,0,0,0,0,0,0,0,0,0
TCGA-06-0174,1,0,0.543,0,0,0,0,0,0,0,0,0,0,0,0,0,0,0,0,0,0,0,0,1
TCGA-19-1389,1,0,0.511,0,0,0,0,0,0,0,0,0,0,0,0,0,0,0,0,0,0,0,0,0
TCGA-28-1753,1,0,0.53,0,0,1,0,1,0,0,0,0,0,0,0,0,0,0,0,0,0,0,0,0
TCGA-12-3650,1,0,0.469,0,0,0,0,0,0,0,1,0,0,0,0,0,0,0,0,0,0,0,0,0
TCGA-14-1395,1,0,0.527,0,0,0,0,1,1,0,0,0,0,0,0,0,0,0,0,0,0,0,0,0
TCGA-32-2616,1,1,0.487,0,0,1,1,1,0,0,0,1,1,0,0,1,0,1,1,1,0,0,0,0
TCGA-06-5411,1,0,0.516,0,0,0,0,1,0,0,0,0,0,0,0,0,0,0,0,0,0,0,0,0
TCGA-28-5215,1,1,0.621,0,0,1,0,0,0,0,0,0,0,0,0,0,0,0,0,0,0,0,0,0
TCGA-19-5953,1,0,0.581,0,0,0,0,1,0,0,0,0,1,0,0,0,0,0,0,0,0,0,0,0
TCGA-14-1043,1,0,0.613,0,0,0,0,0,0,0,0,0,1,0,0,0,0,0,0,0,0,0,0,0
TCGA-06-0128,1,0,0.663,0,1,1,0,0,0,0,0,0,0,0,0,0,0,0,0,0,0,0,0,0
TCGA-12-1089,1,0,0.641,0,0,0,0,1,0,0,0,0,0,0,0,0,0,0,0,0,0,0,0,0
TCGA-27-1834,1,0,0.563,0,0,0,0,0,0,0,0,0,0,0,0,0,0,0,0,0,0,0,0,0
TCGA-19-5959,1,1,0.779,0,0,0,0,1,0,0,0,0,0,0,0,0,0,0,0,0,0,0,0,0
TCGA-16-0846,1,0,0.852,0,0,1,0,1,0,0,0,0,0,0,0,0,0,0,0,0,0,0,0,0
TCGA-28-1746,1,1,0.775,0,0,1,0,1,0,0,0,0,0,0,0,0,0,0,0,0,0,0,0,0
TCGA-32-2491,1,0,0.633,0,0,1,0,0,0,0,1,1,0,0,0,1,0,0,0,0,0,0,0,0
TCGA-06-2557,1,0,0.766,1,0,0,0,0,0,0,0,0,0,0,0,0,0,0,0,0,0,0,0,0
